char_id	d
33329	243.21347577247693
3707	181.70562729848817
3710	191.7328374557852
3711	160.8186146383543
3715	150.59590248594685
3718	183.0632204324295
3720	182.77383599214477
3723	172.01011464907953
3725	173.8842652738691
3727	182.32466885968026
1	185.65410760513174
19255	242.2158862790916
19271	162.29415926187093
19297	190.06717700931026
33346	257.36177721087034
33347	252.83763198273058
33348	254.96153637018466
33349	210.99029290919913
33350	232.13653697965208
33352	238.1828134340352
3773	161.11567969577465
3796	122.77435971394326
3812	188.47808252610383
3817	180.2253080553499
19311	132.15432511595603
12	234.1035912665072
26	167.18894284618355
40	236.4310164351197
41	182.5377494730348
47	243.1540299596005
19319	149.3246963884334
3835	107.3001548225155
3853	192.0034530623704
3911	110.38904259770628
33376	195.2653913463146
33377	184.5210810380896
33383	252.59721909528236
33388	240.2466483167817
19379	165.47944069848054
19381	195.04773742250154
19382	192.29689361411158
19383	196.0538562917342
19392	257.27968060597203
19393	178.8432038626486
19396	214.84549957848952
19404	283.9476953482967
19416	203.5974668726212
19428	220.10579319655545
19429	229.03439322714073
19441	159.63360719291936
19444	190.86708050440225
19463	282.39819277710745
19464	263.2973686382692
19483	175.48099005456478
19487	237.3134192296151
4075	120.03589170101034
4106	142.93159333473037
4120	119.98492792189171
4138	134.17673214559753
4145	153.31235263319476
4159	172.06492365922833
4160	173.60809741607272
4161	184.5620015646461
19519	196.3101375320621
19525	260.1602729706262
19531	313.52443706917575
19532	277.56227537554315
19562	297.983363208666
19598	260.37771993023273
19607	288.2954233236015
19608	270.2292901549029
19668	160.5135453086167
63	224.73215770519525
65	237.4568345713812
70	183.90424588798328
33449	247.7667970614349
33454	251.52198225433847
33455	176.66701549033505
33456	275.13776869980035
4218	165.89481214249213
4220	197.9010373533427
4205	167.2820806460717
4207	202.2259537962658
4208	226.42671204104724
4211	208.32287863794673
4243	163.6442475229473
19686	199.10246780157476
4286	230.79207363853172
4293	243.20286652164882
4295	179.6600587383811
4297	234.90906823996224
4308	177.38294298622696
4317	215.53342411593383
4320	247.44393387807148
4322	230.6216760105838
19707	219.5590335649638
19709	240.97779421719886
19803	201.91703322497887
19819	189.913744902073
19823	198.9267192374756
19828	206.4076420312322
4329	157.25065086123936
4338	179.2653985559072
19835	202.17328305796542
19836	156.9951442595626
19854	197.33883803340478
19856	184.1291652919955
19879	304.7691952405755
19894	312.60196160096956
19956	280.94603600500045
19964	345.83868078664034
20041	191.6679820085901
20049	186.12719339203997
20052	177.8159897346298
20057	158.09153878643986
20058	176.86906185512424
20059	185.91328791186282
4361	149.3072519829599
4403	151.69433261517653
4425	187.41919733831188
4426	161.74007377623025
4428	189.52696863296518
4430	206.79847516683
20068	172.16067108057194
20073	244.17057120410416
4439	229.59972456323467
4440	259.62189703158094
4441	238.5417929553613
4442	251.90808562076757
4443	208.59391028035137
4445	223.21081295635759
4460	164.8867593780002
4463	185.17377442516013
4465	173.96611545113709
4472	161.09448044535623
4474	197.75154053122375
4475	176.80578456798548
4479	144.99400705740663
4482	168.32391340201983
4485	165.53604965672642
4487	175.59616090004639
4491	181.78654327396808
4503	192.56109152468161
4504	196.13180752193108
4520	223.17227155553073
4523	178.55662284331171
4558	145.1657709582358
20090	217.90581258485523
20096	197.88779580148332
20098	160.44837851250378
20103	171.8525161836199
20107	209.4272357336446
20112	203.482605907166
20113	164.89578255836858
4570	143.1524074958584
4575	210.04511420798076
4576	174.60156196342658
4577	199.0944748051893
4581	217.01855835943277
4586	185.25579538590353
4587	188.92434047774634
4588	200.46719114316602
4589	167.32000013819558
4613	190.9295929135306
4615	198.35713150682827
4636	162.1235985073617
4653	204.6823315835528
4656	249.0489147823831
4661	248.02899943212265
4663	246.70739490270432
4664	208.97572002834312
4676	159.83294668237318
4679	167.73090445749162
4689	112.7721847142665
20123	129.68956779211368
20139	190.29919138317027
20144	249.34717062804145
20148	238.25689143201978
20156	281.52040802422493
20195	154.03499801546818
20207	170.89057208322185
20208	152.88159040743795
20217	210.17051072450477
20218	219.97155898662913
20220	247.10042689678633
20223	249.17362993896987
20224	229.74379065915846
20229	176.73635405356205
20230	273.00775584953755
20231	265.1355399923422
20238	291.9682101158873
4726	180.4818447608739
4729	173.99705323512615
4732	208.71065162792013
4737	177.7712959498274
4744	222.04721035322186
4745	210.93252492314295
20255	231.46017563689622
20270	225.90868632601695
4776	192.5537878250321
4779	186.47999049136845
4788	160.89689134234374
4789	179.21239206435706
4798	132.60029673736182
4875	118.11343455647123
4883	110.8617334355919
20310	115.87668490690241
4920	184.69459811242743
4921	200.34471295032475
4932	147.69798149242135
4941	176.3435262145371
4975	181.69443470725025
5047	151.67715070410122
5054	215.92590448796062
5066	128.9386539331866
5075	161.0364635461378
20314	176.76144412769688
20319	185.55328676411708
20339	218.75961160118771
20349	269.7900019570278
20353	219.40955239399966
20358	168.99831021309322
20359	219.40286650509495
20365	196.89668609375212
20371	230.77803591441904
20372	196.26479301015834
20397	221.6327146424402
20410	204.43049807710128
20411	196.3780247235533
20416	216.69980069089183
5108	168.2716605660768
5110	199.63208817223887
5113	185.23419121981942
20428	252.81321562465607
20432	187.72724666225764
20439	342.1403349505783
5116	137.55673414117953
20496	232.94530037809832
20500	216.94958289084138
20519	192.42256327339888
20522	210.21082954782068
5151	169.31420579258423
5153	190.87220363483559
5186	132.78448371563124
5208	172.21344830175653
5227	212.22505892154166
5229	159.2179890507787
5238	165.05309108663656
5243	209.13898277580589
5270	123.16633450426946
5281	171.33099354278406
5284	181.5531409618303
5299	185.7332008732586
5300	166.52985904146686
5303	218.17620566712745
5305	140.45593561638415
5321	189.37319952063575
5322	167.6443423416027
5325	226.73922850380723
5342	199.86720828526555
5344	199.8854452930735
5345	175.65910982297228
5352	177.78451932381884
5361	181.28755215214014
5362	170.47048612116134
5370	146.09364495606027
20541	148.86227374307575
20553	193.91362025809687
20556	205.19969802859578
20557	180.2602043531329
20562	187.77374939880585
20563	152.71109131988266
20564	196.01888799337306
20565	194.2290030183905
20566	176.1567267467492
20568	177.08925909133254
20569	193.71034599461098
20570	173.04964389762438
5390	162.62092916592562
5397	183.131403372986
5420	208.34623455902658
5424	178.9766239328798
5432	256.7161093572875
5434	142.66677751626258
5461	148.80288411788965
5463	222.36025277566134
5464	204.34287085599325
5467	120.28830837550458
5472	198.15413644508482
5474	164.8857890707154
5475	202.43417846786284
5477	179.92933888257042
5488	154.70508028994746
5522	163.01291429901988
5527	181.8568477449117
5529	194.82769969357525
5532	192.38861975428136
5534	175.06989664762722
5542	185.26121000692171
5545	224.1970524947582
5549	205.89474046207633
5561	168.67754702132262
5567	179.91919012302398
5569	197.9498944536049
5573	190.96257271359545
5574	174.17642049418683
5576	203.37025513950874
5578	177.18248793673183
5579	174.4187943632718
5580	187.05472100605192
5585	182.54714608862724
5586	201.5300741042669
5587	170.25593400199992
5588	207.37408232233355
5593	165.9454481554039
5595	162.01076952726862
5599	185.76848510240683
5605	173.58690724833346
5606	179.66856125852797
5608	193.3747788886336
5617	173.03837021925375
5620	192.56032655768294
5628	184.51724411720275
5630	188.8159775368944
5631	200.97900897894408
5638	231.63806520550412
5640	179.28898553475094
5641	208.2616501969376
5644	161.97887047847712
5648	178.04611749584151
5651	152.86547707202888
5664	179.6277713737369
5668	204.05258806172142
5671	192.1415721762414
5674	199.04692726195222
5676	231.59685352406768
5678	243.1506530191576
5679	237.64707471119345
5680	224.91949996383602
5684	202.03490309985057
20575	223.49433779904746
20581	194.66319148802617
20583	205.71294615174713
20591	229.0986884283776
20619	201.44517784332794
20623	203.71379477075186
20709	170.22378630955313
20731	173.45276337289962
20733	208.1467415268645
20756	149.9680935305032
20758	199.86010941256617
20759	178.47914587221973
20763	177.60163084539255
20765	162.4724715738647
20767	196.9798809161883
20769	334.01912076538304
20775	449.78496566927925
20776	466.2480756556865
20777	397.1762175033769
20779	262.730689116436
20781	303.70973853521724
20783	416.5792220991021
20785	370.4624232105066
20786	428.0077016298138
20787	226.64953260701148
20791	381.9608570655323
20799	457.01941194136117
20839	229.53153666374251
20840	216.40844799498487
20841	232.97935703724485
20842	291.3472703437752
20843	265.11435427878683
20845	280.86657108808475
20878	157.75420536478796
5711	121.98048786322208
5712	130.90480380042126
5714	128.2711706283697
5715	117.01514689879
5718	214.77882647769798
5720	157.7880818739431
5725	199.5068536333925
5726	168.8359493252546
5735	162.64789442365347
5744	147.90324397862815
5747	149.46868170474033
20887	192.70542953054698
20905	248.95928446654096
20990	147.85679932264978
20992	163.14483670246895
21012	168.29293377923312
232	203.12854706340798
243	190.92494092365845
292	202.9927066760395
324	231.17760602921464
350	195.1632164237334
451	223.7285714510579
540	221.60980509913057
546	197.21880708017108
5803	170.13079002019947
5809	179.84038997883806
5825	161.68567587159006
5895	145.4012617778181
5896	198.75535732362388
5900	189.1784904228505
5904	138.38228781352097
5910	151.86924244984255
5912	201.29270105800907
5920	148.61373269331241
5930	176.66704913929073
5932	200.17426158730083
5936	181.1105718159127
5942	169.13682251771908
5944	162.16250952473888
5947	179.48805082888646
5950	166.4248367450982
5952	167.47753131564593
5957	162.91387460089047
5962	176.36246839830144
5977	155.43063101272776
5984	178.8042593354352
5986	196.51052153262515
5987	176.13128360233554
6461	156.1841913368913
21127	180.77605162990847
21129	193.47093381440118
21130	186.3222645627875
21131	186.15422389220242
6536	146.27035780077813
6539	184.40442165335133
6544	188.36409313315153
6551	163.78174429693777
6577	176.5759818331471
6578	192.53780551522414
6581	181.20177720087577
6583	209.4225155399619
6603	166.59936501166487
6616	178.01673718953992
6617	230.35608649148864
6619	203.8503101171284
6621	201.26256766486426
570	203.26564880370267
580	183.20054388541175
581	205.73378965566025
589	199.72795247889596
602	244.71883813368837
614	234.78312222764305
621	220.86231857524683
6672	202.47672683810035
6673	186.9018682915441
6675	202.55981711897238
6681	191.24079111983826
6682	167.884896589657
6684	196.62167800390571
6719	131.28090093311476
6738	117.4349463812906
6758	156.60193882196901
6762	193.7070804780484
6770	164.49179314377906
6777	159.4067789400674
21156	230.97813266953332
21160	197.9940817374625
6784	155.00718081575536
6785	175.72974018074677
6795	181.69720569568767
6797	222.89551216822264
6816	167.87773912172665
21302	237.63167754920357
21305	161.85331274011324
6866	262.76254384014004
6867	259.5252138665246
6868	248.63174669671466
6869	177.17830525195433
33480	221.53943486437285
33481	191.39393440420858
33489	288.31918546482507
33492	269.69228988498105
6876	210.43810467052305
6878	200.80360292608873
6880	203.725732485502
6881	222.52030602645098
6883	190.62581893055054
6887	202.4811396041352
6890	202.90960651550373
6893	205.4344034232227
6911	159.88715469479803
6913	220.1497132739443
6916	200.23669362978555
6917	214.20760090406785
6930	182.2150943003013
6937	197.87816237814698
6920	179.87396428359278
6925	195.9819763740804
6951	187.57351690691755
6953	167.09316865752677
6955	192.57393944136624
6956	213.19867289274177
6942	179.78420138549797
6944	168.758301746156
6946	188.9343572342676
6947	216.33472848316867
6965	178.66936700245557
6978	168.66934581071743
6982	186.43215930420496
6989	198.11520481257935
6992	224.0953282761952
6993	196.45546496721283
6995	179.70384255707324
6998	194.09371797899007
7000	192.44740665530554
7001	172.93955617702088
7002	206.94874177926897
7008	189.6869811414366
7010	204.54413404939282
7012	221.98663247320508
7014	206.5863289844817
7021	198.59759684472326
7022	214.2160336786824
7024	191.75267684494554
7040	175.84200889794826
7043	158.7169705482951
7031	180.23089010922885
7034	157.9691418411418
7056	179.76211832328804
7057	181.42971776494466
7060	197.15930211929316
7048	174.69539477885894
7049	180.51022125326836
7051	224.17280869271735
7052	204.44462475058123
7065	158.55970503914088
7066	216.71247668810645
7067	216.17640656768853
7075	218.68408864036184
7079	184.9668131524445
7082	212.64531272723792
7084	221.04608955600293
7087	197.32204139478063
7088	174.24477096167777
7090	200.09760753561784
7092	210.78005850864622
7095	206.88615060835846
7096	172.62225634576575
7098	173.64328925744402
7100	203.3798100828278
7107	205.3605845751385
7108	221.26988819113024
7109	202.10066401359407
7113	199.76052960259736
7119	169.55454888127466
7121	201.43738758689446
7122	176.12407608210972
7123	227.33747143594678
7126	179.67160119911745
7127	185.9549429311266
7130	153.77170432970718
7135	188.14077119884763
7136	167.09133944856848
7138	202.76903567940187
7143	150.3754190802404
7144	208.4308507051153
7145	207.1607675489952
7148	210.16089337809595
7151	177.55101751936715
7153	199.92716184102147
7154	171.3342247220962
7156	216.64417968647774
7158	171.3517833660828
7159	225.04916379904265
7160	177.4679322319476
7166	162.30860956988968
7168	189.1480722428926
7171	205.78115649511832
7177	187.62316825225375
7178	167.3135403606493
7182	197.79000819275828
7185	206.49587044561963
7186	180.15407167883174
7187	189.77862440144696
7188	194.6607176969788
7194	156.98473652136036
7196	205.4452366631581
7197	199.64929952396736
7198	197.41920536327817
7200	202.4878332414636
7201	180.84041173983445
7203	193.2206592400948
7206	211.74919949936265
7210	171.87259682843143
7212	198.69339553126994
7214	178.02492187826599
7216	194.6550326486506
7226	195.3382957527585
7228	214.22414249724926
7230	213.94270571364083
7238	232.4523316605742
7258	192.7665358430336
7259	181.62943953225067
7265	213.08587834364505
7246	183.73479384617335
7247	190.15297099041535
7253	219.72724537173673
7270	157.86944393850158
7271	219.31053308156513
7276	199.93094580283386
7280	157.41084115307035
7282	182.82152948716708
7284	192.36121540408934
7290	206.80999009816554
7293	147.99551682366058
7296	204.58803587188154
7297	174.02216611218418
7299	197.15884335658512
7301	214.13804337875004
7302	209.33186411644624
7303	225.13550390064384
7304	182.2888102914631
7307	193.14784796696034
7308	216.0119085103939
7312	162.49430299293113
7313	220.33352137171897
7316	217.43313392483023
7325	160.44631845405826
7327	178.6005346884965
7331	164.90640114475605
7332	157.72920131050762
7334	161.34176412587206
7336	227.27327585389563
7337	205.40399918738655
7340	177.91664084803975
7342	176.50963667577332
7346	204.5685595435166
7359	207.16617963551923
7364	250.73486890360584
7371	190.22153945005044
7386	159.6861328469336
7388	193.15998568931718
7390	167.91068392457746
7395	159.86849750164268
7401	221.5983129717556
7403	210.03852709626705
7404	178.629180827388
7406	208.43296375295935
7407	192.03922333889852
7409	173.57113221524517
7412	218.79107194212264
7413	217.8905266119992
7418	165.32958169542556
7424	176.3625005417062
7426	215.65707114382116
7427	195.6218080266022
7428	220.72633741747592
7433	182.30856083699072
7434	186.43150114486838
7438	196.1037598047163
7439	212.10935711669006
7441	174.0380184278049
7442	220.0179049517882
7452	174.3699917178829
7454	167.8359881401355
7469	163.70434902610964
7470	207.5686002143345
7472	200.7446830986034
7475	206.25954573236245
7478	195.40276451358463
7481	206.8969400521321
7483	214.5672181665694
7496	195.77336919338288
7497	167.4028427573335
7499	215.6254046766053
7501	195.5628544446274
7512	220.86740810316957
7515	204.04927706301768
7517	196.4925519973361
7539	216.75581354870155
7541	169.3183228777594
7545	150.29175092000375
7549	163.39986493021294
7552	219.06678986345034
7554	201.81032173845426
7555	183.28570840948007
7567	159.99215051298177
7589	218.36999301472983
7590	173.82936636975947
7593	194.51821023010143
7595	200.62602311159287
7598	176.34485932955576
7599	176.24412669108415
7600	178.3689587360409
7602	185.25975078692943
7606	189.59821465357876
7607	173.143822733798
7610	197.59470172440382
7611	211.62274922720525
7614	191.2045524343827
7617	183.23067354884552
7619	187.73110329473565
7620	197.63098023884416
7622	219.28132148814475
7625	184.53348603023474
7627	217.9729376516016
7628	199.05344757041655
7629	175.0215261910049
7632	211.53764290551024
7633	170.8391406489828
7634	188.91975505427314
7635	183.86269891479634
7641	167.643852014833
7642	156.7397369522835
7645	177.95002962956255
7648	187.7342568840686
7650	180.10405927872466
7651	222.31923331030083
7655	181.94103276881955
7765	139.49257751008727
7767	174.38565770466641
7771	195.9771512083237
7773	137.77021583776195
7785	173.96434345050594
7792	176.8868745629069
7794	201.09931266362253
7796	144.1915093906034
7798	165.48696728789534
7799	197.44756926020574
7803	190.24797885948396
7805	176.37981767455386
7806	186.4274052954685
7808	205.2502668803102
7812	169.9957403386849
7814	176.84626284681292
7817	159.24201369713566
7820	166.90211334958693
7823	177.9880669484181
7824	196.86970687798197
7825	181.16322857175675
7829	182.1250947841839
7832	176.74166640114208
7833	184.1041092115714
7838	173.85581704829954
7841	202.08316993157908
7842	192.4562650101785
7846	174.6411499976289
7848	184.5748560849206
7849	126.89800142271746
21336	178.4284268438207
21338	186.86257010511346
21341	176.96921709564518
21346	225.63966815602157
21347	233.79706643924894
21348	258.92664876305133
21349	194.7934878252115
21350	217.62921803785582
21351	260.5153182713936
21352	249.9107938198145
7867	104.28798143651866
7868	180.33817051501867
7869	200.1291361288481
7875	219.805379877938
7897	118.08135178539447
7900	169.44432878941282
7907	145.88127994372655
7924	156.45860053495574
33547	240.02920230154314
33548	221.89295463321744
33552	281.78830765510213
33555	239.10539211092092
33563	271.41707101648086
7947	151.6900578234606
7949	190.05142136809525
7950	200.60125963056083
7954	181.31790738609675
7955	245.13752269423136
7956	245.106068163459
7960	278.7847970723324
7961	366.285536173713
7963	291.00093472791843
7972	197.27803245314973
7990	172.4584705964716
8038	191.89377337268934
8039	161.6666696717209
8040	204.34033886738212
8050	182.28136522886157
8051	229.61807612101748
8052	231.0917897576137
8079	199.49057055500703
8080	171.8837106640627
8083	200.04281541591357
8084	245.6721766181732
8090	203.0131877357594
8098	218.3106763772424
8227	165.63767191330672
8232	179.0751312979209
8239	136.35672958730657
8273	220.0274524263058
8275	176.0230847577861
8304	180.67129816347858
8338	168.9832057867298
8380	123.62273905134599
8416	137.1923440991219
8486	159.91651015720606
8500	223.5011052487092
8501	211.98476489512518
8502	194.76174484129456
8547	206.05237540018436
8620	144.87043032457137
8662	158.86565027113605
8691	184.19220752588217
8696	198.27214940159033
8699	199.7668775359935
8703	157.93372831124375
8758	152.24590797865426
8769	180.33360300930678
8771	173.8824714173921
21353	136.45188028591886
21357	198.12868329541436
21361	204.59930091753782
21364	181.59186165795123
8776	194.08175554792516
8779	210.66027590928357
8782	183.43130229764162
8792	154.05383085265544
8795	160.17103658502563
8797	180.23531303450056
8799	208.29547968251214
8824	152.47842854267978
8825	209.17917956781992
8826	221.277405747819
8834	193.26992143618313
8835	171.31365509764296
8839	185.61418811494602
8844	201.57643835335188
8847	168.0138768174657
8852	158.05244367694098
8853	196.7993420232794
8864	181.45868480893165
8866	196.5251592575951
8868	193.8306608486353
8878	169.53175276002187
8881	177.83258953502914
8884	196.2952355164362
8887	179.8139517475636
8889	168.08351906585304
8890	173.5474795696377
8894	192.77039172891492
8897	147.94295560405013
8924	177.56295634782177
8927	177.8867695688306
8932	221.10943946240343
8934	154.93738633736587
8936	186.1020493144726
8943	224.73233234137956
8944	215.03523146150428
8948	240.48036190215456
21400	176.00279027301966
21402	197.72022482610424
21403	187.53792366376769
21412	183.5703893246835
8962	92.78530323803028
8967	241.23726564560135
8968	160.7590817972877
8979	160.92551922980306
8981	191.9679703696623
8982	192.20214486005148
8989	94.7307191123365
8992	214.47593851952587
8994	168.3272545571765
8996	195.70338344756837
9015	145.78529753145506
9023	135.92515521759177
9024	164.0981110790026
9027	224.62698106480218
9029	190.57852284586946
9030	214.45203664241495
21429	146.19191592071263
9045	186.64746743972864
9057	180.50793972101144
9059	191.152644092327
9079	170.8384655120408
9083	235.0778260320552
9102	205.1179763108773
9104	190.76576487904416
9105	210.61897711929385
9112	192.94980391177415
9113	148.06403181728527
9164	165.37037652754742
9167	173.57780444695325
9192	147.45230093455447
9193	187.86208520602997
9198	163.87525789002473
9206	199.7216968159518
9207	221.3660010439524
9210	162.22253637620406
9212	142.8401399923742
9216	130.62012680426463
21457	174.93891068319223
9347	210.84893923688824
9348	185.09890077615637
9350	179.29600571389224
9351	187.85885332331722
9355	162.22285184162564
9358	162.16123352138564
9364	163.95537188094534
9368	199.2344086162824
9373	201.31975256733043
9374	162.14277243351737
9388	178.993915101322
9391	218.2038235543646
9392	186.08381578999504
9393	209.73609287750966
9395	182.65691142439886
9397	161.15113425513198
9406	239.20385488494273
9410	205.01638107578137
9413	184.2612605369237
9421	170.29603538639967
9444	193.71499055242597
9445	144.91321274345242
9446	192.93789042231307
9452	184.02829044501217
9455	162.59826492050615
9461	165.3134459427572
9485	183.44071763304822
9487	197.58877679697537
9489	168.80172701163178
9494	182.7459736949882
9496	173.3404332400139
9497	172.70697529644687
9501	137.269454774389
9503	190.956091710056
9511	204.08630808163446
9513	207.84849201441347
9515	170.75743836760054
9517	185.3816485218563
9519	199.74658364384868
9520	201.6194480271353
9521	195.51019157302014
9522	182.05885627488473
9528	201.6877175267621
9529	205.39366547998884
9530	216.9389852690802
9538	173.67702877163785
9544	211.76708711413087
9548	201.33706478119353
9551	198.55810833344682
9552	189.3292532401788
9553	179.4592406778128
9556	199.2996067506509
9584	186.95772367075173
9588	184.76570035696588
9640	192.22201035596936
9670	167.81131383725028
9677	195.44255087320465
9683	183.62920277660888
9692	204.74331275308018
9695	128.98168335245745
9710	195.57304226050726
9713	209.5483370643875
9726	164.97262872113245
9727	197.6344728013639
9734	181.36763899423343
9752	183.46974064139633
9855	132.76506221690414
9865	138.24700674296156
9870	157.64342542421142
9903	37.4006765275338
9981	143.49996866113506
21467	164.0776200738063
21468	156.10696479299284
21547	212.06927789809674
21589	181.5071448484612
750	171.3814233438102
760	180.14078843837223
765	174.9407147074573
21598	192.1004220077507
21600	194.98965613417792
21601	191.18200056155467
21603	180.46198136936093
21609	221.1564749639299
21611	162.50099981225947
21627	201.0717211956545
21628	168.19596443473256
21629	234.24135597814194
21676	187.18173343575543
21678	230.94757565025057
10008	154.27635126054082
10009	183.6886428009182
10020	150.94220236268382
10023	156.26218305129055
10024	151.54999619852452
10031	158.09169242044035
10033	159.94408089486427
21695	222.88071776652265
21698	228.73998406536998
21700	160.67410658917257
21702	258.4397044274139
21730	170.86767951861648
21732	215.59189293498832
21735	263.31944142642266
21737	239.1133749475551
10040	172.25964198027535
10053	138.83926898895615
10057	161.3608305337508
10058	194.71567734212096
10064	155.26663980048713
10067	190.40076845598992
10073	161.455547173227
10082	186.64929790445484
10084	198.7949052103011
10086	194.0093206038247
10093	194.48630003068655
10096	207.21866865914293
10110	186.34598424228756
10113	163.71096716562204
10114	203.08149590029416
10162	137.35832355849314
10176	114.66459074718783
10238	167.18319132425046
10280	156.48848698194308
10312	136.35634481116634
10323	161.1622029518174
10324	210.51736606598485
10326	195.86982324801676
767	207.63156969920712
768	224.31573701391906
769	198.2816289527621
775	162.7572672901381
777	161.46900092939222
780	211.66733273065194
792	195.2613495905867
21755	210.62588406330698
21757	191.4955182341798
21758	210.65902620108346
21820	172.85435553722945
21829	238.23482490093323
21845	245.25833950163357
21849	178.2574218960105
21853	243.1366121391251
10365	142.60071489161794
21897	132.43402150357886
21903	203.61941571881448
21910	213.63900461881727
21912	182.66193580675946
21929	166.4639213345048
21934	190.24841745378276
21935	227.2342618602328
10436	85.62872600763212
21947	196.28125949166835
21952	176.60769446586696
10444	220.45786538491095
21982	164.76353889682832
21983	197.6138158577254
21984	183.15939690106805
21985	220.1843741663312
21987	173.3480856567499
21988	235.03048850056697
21990	244.70795730717984
21991	177.693927943181
21992	261.7512160310662
21995	209.39875304720766
22010	172.07967053831726
10576	148.8709216756617
10585	177.0253636330619
10594	191.85770601569973
10595	207.46001716328985
10596	169.30229477457175
10604	184.63970956434633
10612	159.97638142541285
10613	207.08143277896477
10614	186.88844798016578
10634	164.07969407883124
10651	147.56870451325992
10654	184.03488775754235
10658	145.95683113011438
10672	159.6295993260545
10688	203.90119345621176
10689	213.58543741130285
10692	174.28515387497973
10693	213.92421374979176
10694	224.36296773834638
22039	167.38383918290901
22040	175.76352903921628
22042	202.7876560685383
22045	152.39352696310527
10741	161.85759187506488
10743	167.3218570714918
10755	145.82195994885873
10756	207.24858981816317
10757	192.50248101418848
10763	170.6452912195555
10764	160.69548842831395
10771	186.45946514275727
10774	187.6175231851593
10776	173.88639487461242
10797	235.0022058528869
10813	160.0749340767954
10814	209.55342108386657
10820	204.39524067893942
10824	213.83487955424567
10825	189.03594534725963
10828	223.21970760163865
10829	218.03958943770007
10836	196.87523844040126
10837	222.13714179263118
10842	172.6408724401761
10843	225.1279103991238
10857	154.40098344126747
10861	140.97223969494146
10879	200.48369361359215
10880	142.69194581279268
10888	192.81084133546204
10889	185.8366049470851
22110	176.55304808792977
22111	181.7610887956974
22116	186.4234571527541
22156	216.7342915500686
22157	203.8036037121146
22162	219.67723222758468
22163	217.00850930192988
22173	248.8604979128755
22193	183.23175075831412
22225	115.75972836730033
22233	213.20487868882694
22235	172.28536053173036
22237	248.3928829371384
22254	286.7894947382213
22256	245.911022230659
22273	183.21807025152862
22286	261.19810562874636
22287	381.85527983659836
22290	215.1417594052096
22413	393.9811912167401
22414	397.821779114491
22479	187.64843670475622
22481	189.82682952267177
22520	297.1811003587296
22588	174.67415185439503
22592	176.32826410899438
22597	200.44512106927323
22620	187.58422382800202
22627	263.8299786576337
22692	152.44032162353452
22695	199.0328076833984
22696	211.3351048985474
22697	157.836994971049
22730	181.5745448264173
22734	185.250988927545
22735	163.31585947930077
22737	217.59174761692125
22738	222.42953726121468
22739	257.3414942442184
22740	159.2469089173885
22741	220.62324246428017
830	178.61058767422998
834	165.31263768031718
851	185.34258186485033
864	214.4238877609862
992	187.39814398769948
1006	183.7749372151155
1033	223.39283768412184
1042	166.37926824432654
10983	125.68883680523666
22755	178.60598750812494
22780	206.65513035384873
22781	208.05444385070768
22783	190.31280613697075
22787	198.5274028072011
22789	152.83996070045538
22797	185.27984077801239
22798	200.8086741995325
22800	222.63717032311536
22802	221.312068412473
22817	229.439223812663
22818	183.33513375126296
22820	221.86025821387847
22822	247.477049574175
10986	171.89436152271995
11020	171.90151112980294
11021	227.00753108493086
11078	107.57400055154959
22849	204.04241284509934
22860	173.32456004923418
22938	180.34981303283755
22939	253.92437327668233
22943	186.95613971543767
22944	258.77184743166947
22997	197.6757019701547
23079	213.35843419145337
23088	172.86249908159093
23153	232.96991582675014
23155	186.0094795638537
23220	301.3399144611394
23228	189.18297415994587
23257	280.9767077969452
23343	237.376342491993
23559	190.8147890052644
23562	207.13784980909605
11088	154.8826878247535
11091	150.8052691808318
11119	206.1139803753751
11122	178.32737602682909
11123	189.11368492012457
11125	200.33210301136904
11142	160.6097860614145
1054	209.06264000914226
1057	176.2143421357206
23600	204.25282480212007
23601	177.3841370501476
23602	232.29359975614622
23615	158.44128788285974
23617	196.52967073660358
23621	205.37772170610663
23626	201.2573584220024
23627	221.56124494312536
23630	168.27565674275323
23638	182.00717969407896
23639	159.1147249960333
23656	142.10792098267137
23673	266.677617583777
23677	186.75759885479678
23678	241.67605674250504
23714	184.0237219902918
23721	202.89762263212677
23729	225.29347868786166
23757	278.5311519868019
23758	234.01348584291003
23761	165.107885355131
23805	170.75376722285287
23806	166.8951619063091
23837	153.72939796092584
23840	180.55555414817164
23852	155.84944098182396
23854	173.61864995949293
23859	151.8081884730061
23864	197.50340810041257
23875	153.4251842811403
23890	146.68097110308136
23893	233.54811410906873
23896	232.93120223740914
23915	210.41654611182747
23962	237.6102969288042
23965	177.19806112918522
23966	227.71493421745663
23991	259.9469868523074
23992	282.93908535675786
24004	209.41338494504055
24008	213.49259241146834
24024	242.9781603073702
24041	196.48026796880777
24045	263.15987876350874
24046	228.05455158053977
24049	280.52334386535324
24080	284.20789614029235
11151	160.38504460362842
11153	204.01626128433497
11154	208.0105893706137
11155	204.15483305430524
24097	158.60858758867647
11186	202.02433806488838
11187	185.38955101606922
11158	190.58776555225342
11162	158.29517291158274
11205	163.97582932477576
11210	169.80442798596823
11214	176.16926114519686
11215	128.12920260920524
11247	152.2340322240663
11271	154.8194904457371
11294	159.7135736043906
11306	135.24455877495976
11321	148.71262107552135
11325	182.1537703438486
24119	253.2321194469897
24123	256.4480119143262
24124	215.53627926347139
24126	221.97137011883274
24132	231.59148540653976
24136	249.970016313387
24137	212.47722841669116
24138	187.64526247595674
24141	243.90952536490107
24144	249.34219018639254
24164	186.96029075003742
24167	175.02746381101772
24185	198.61777245517303
24187	188.79515066350882
24191	227.8414992977422
11333	144.80785033036761
24209	208.5548750396817
24210	191.69997090568233
24236	240.19546016328283
24237	201.7136366288718
24242	206.44911917467886
24244	222.38905355837628
24246	204.90414255609792
24247	177.25373401699503
24252	240.5938793057328
24256	170.12431831023335
24269	163.1065495117481
33587	298.8195648078128
33589	244.3497792251696
33593	279.30409093536275
33594	161.90537181796245
11336	178.930518490567
11355	163.29547231447722
11357	178.9710012333386
24275	113.64005712798993
24278	187.1593079913245
24292	206.57650684491662
24308	158.53280834944155
24309	247.9267131394105
24316	253.6832779661526
24318	161.41105803552904
24320	196.24188706946723
24322	259.1673401275557
24329	133.6448643489606
24337	174.3008437138658
24370	204.22627990995463
24372	226.15079207272822
24374	314.7455923358741
24397	130.5463682986369
24417	205.75258956726816
24447	166.68606628623192
24473	223.15241646381767
24476	182.44391651738422
24481	234.83346888573956
24496	265.3189836110673
24500	244.9126820158004
24503	317.9110175426132
24504	282.3208041825184
24532	306.59443383986564
24543	251.31055151193755
24606	209.23636065078065
24607	179.11885343338122
24609	190.8186051065727
24621	175.48962761603565
24622	188.2570520001016
24623	226.24385351042292
11381	183.0533951141087
11382	170.4075888180896
24638	222.78561222556576
24642	200.32863748480443
24649	203.4835784300548
24651	251.82026585735315
24672	215.92311158882578
24674	229.1435467499071
24700	230.54017513988748
24701	212.323205277456
24707	257.149738375956
24724	128.9234582991296
24728	169.86467233836876
24745	224.09646852675345
24747	174.3551952636216
24748	239.34828596040106
24756	257.271257168994
24764	168.31494923530167
24766	162.63885327148284
24767	184.50815118946102
24774	173.97958736589342
24780	186.58733192472323
24783	243.5484935911827
24800	197.87450429754026
24812	168.3172815647781
24861	204.05600481385173
24864	184.57032137902772
24877	250.3831065529813
24880	185.4198962352666
24883	214.23821752879073
24884	169.56245246010926
24891	212.2905309844763
24893	202.34705810089696
24895	202.22582806751907
24901	210.98518215480166
24909	140.792046645094
24918	146.3721832789132
24960	142.26321110550174
24974	134.71254769398814
25003	150.16332361412142
25007	176.27240345645072
11411	187.00834089592144
11412	180.06499089307223
11414	170.4452377859344
33623	258.71540241849226
33625	210.25046234331265
33626	212.1995481644034
33630	210.69508670278967
33665	202.6727851811301
33676	268.47368522185536
33688	278.2785961079526
33712	185.85556684197576
33729	353.44760959392454
33779	218.3494887701552
33820	261.81121645408024
33821	253.12434003503628
33822	265.5148377122382
33823	263.8137197932251
33827	244.13045469716752
33868	279.69741012107227
33892	218.22343159133746
33894	212.9677742516227
33896	227.21374181269857
33898	244.08215502762945
33903	258.26825349629263
33945	218.1047271745133
33949	220.25682315659174
33950	239.8751902926523
25032	212.71063990932294
11432	125.9796855202183
11449	123.94902422330146
25067	129.50278431823398
25072	144.70830077028418
25073	153.4639326377105
25074	171.95601573773064
25078	129.4467245282587
25081	229.40907016542127
25083	245.0604205443729
25085	198.81710462925022
25089	237.07929625081567
25111	156.801276793037
25115	230.53389476229452
25119	219.3048537799079
25126	143.0460079342002
11479	112.21194366735135
11487	143.40342791101057
25169	170.34189674658202
25173	172.65388308355776
25209	159.72500901164585
25217	174.5892746600981
25236	187.8429320782851
25243	163.62741962016426
25256	167.38417504516408
25260	202.73754190271748
25262	161.09417657349255
25293	189.08496386680633
25294	256.1529328189648
25297	235.15707707679752
25303	293.4310042507606
25318	108.18080804320759
25329	303.2782428051678
25330	289.72092984769444
25331	220.41425575375283
25332	235.3157514733777
25334	253.3764725463684
25424	221.21499348483692
25427	224.79737682594453
25430	177.2808247094201
25434	135.7435292306487
25435	150.32280542710578
25438	173.156313153883
25469	138.40617971119266
25483	137.20741489486963
25526	167.60229223259495
25537	227.13068302269556
25547	230.15752705519384
25559	146.83970299826242
25565	195.33224035013873
25583	247.1642292013139
25584	262.5533155502469
25585	184.64699889653454
25586	199.63389110995195
25587	341.99355229876437
25594	216.95907233261173
25596	177.2975107063253
25617	175.57205549769654
25622	210.4217561962083
25623	193.46073753124284
25625	190.2150664682989
25626	189.4037229655458
25627	170.86515671000123
25628	319.0447630956169
25631	190.64823067464494
25636	268.26790164756113
25637	244.99643770269776
25648	209.16090374450334
25651	222.69248028372004
25658	224.05041912516526
25691	115.80047911000158
11503	235.39262058171738
11530	175.36153117231012
11536	184.47177425407554
11537	230.60800967980703
11538	172.59555234581416
11541	204.71693015941744
25697	203.21735072066576
25698	225.13334030752736
25705	180.96568653351548
25714	201.06688638541007
25715	260.7909350345496
25727	238.17496446661758
25731	275.0086099982954
25732	199.8416096690944
25733	185.0160105536909
25738	256.1963547753526
25752	190.434930695171
25757	201.4721211393417
25758	257.00955819552473
25776	230.91866986851122
25777	219.82610260085437
25778	209.04970170853835
25785	215.54668931751723
25802	177.277990266273
25839	191.2284723576088
25849	233.63777216509695
25854	223.6126281552454
25885	205.58778627447276
25908	234.04321032148445
25916	214.3707094990689
25932	159.20398592119705
25942	244.37618768952635
25946	201.83707621096536
11663	159.46896783009848
11669	196.85943515180608
11672	136.70437401486498
11743	130.73581843850855
11761	191.10767309922323
11773	206.5670333199604
11775	163.00973293515548
11777	213.16278473605405
11780	186.03839132544857
11781	192.07086749145688
33996	219.9029957420995
33998	170.07465870296411
33999	192.96051762936918
25986	157.8764317316994
26000	204.41555450793237
26003	189.56594979133365
26033	213.71752166038195
26042	198.10507975701645
26081	163.04842870398735
26115	147.183650967262
1135	155.36863582634064
1137	167.57327698396813
1141	230.9440463436506
1144	226.29385718858683
1157	161.0450809066022
1198	203.8998687420271
1204	207.45504497094612
1218	173.37734055078133
1220	164.75668939798322
1232	151.53527171327457
1233	166.08803378150006
1235	182.91465005447344
34040	214.24729028527884
34044	203.10526365750266
34051	256.6467999938377
34068	253.69203147064232
34069	251.88997190801354
34070	275.25621282607995
34071	195.11722531012225
34079	266.40112065513875
26180	181.9929202570092
26183	249.35731998764615
26201	148.43780629411614
26204	171.69161723283142
26207	191.34499215992952
26208	243.01174642900278
26209	228.9220568509293
26210	209.6273028479681
26212	209.64257670205163
26223	241.18386645268407
26226	174.05789013643778
26227	281.64277904570156
26284	162.33940371443995
26288	217.35081032112544
26290	219.1261320341444
26299	204.24583984691674
26306	251.08975192567178
26308	228.1815238080445
26331	254.4295631624924
26333	170.9111683796616
26425	181.87101872805573
26426	249.17729242487567
26493	220.79112446334824
26494	221.18022791526016
26498	171.55359996002383
26536	184.71726111470264
26541	178.29533652087358
26551	213.72392388333603
26553	155.1495180834262
26577	200.89596820093536
26600	191.07552171374496
26603	200.92848523449112
26605	215.7515257510992
26609	260.2728951840657
26616	200.58404145169226
26617	155.39615197408938
26619	236.64040820686387
26620	235.0819659210344
26624	198.05778732065673
26637	214.60599473778555
26659	228.3177034499548
26665	275.1847694442573
26668	216.79457435375164
26678	195.14783055660516
26682	205.5030523917408
26693	124.73095965589815
26703	217.70936379022373
26706	284.3540338990397
26707	216.19005666285153
26739	203.22472510676613
1333	192.78281517065582
1334	241.34892879305895
1348	189.4346982825014
1349	156.74178548899582
1356	191.58912133257826
1359	212.2626863884566
1374	163.32797762781934
1376	198.68530053229335
1382	166.08434934691633
1383	196.41143068043417
1387	134.66697810058005
1394	191.20360898125793
1396	183.4206327385204
1397	171.32501156146694
26759	120.86254140679229
26760	121.84131503587321
26763	232.45404579472597
26772	184.58227960357718
1399	213.3617721454428
1401	209.29593916597986
1402	193.08114574922843
26788	115.32951970591341
26805	222.96475795054658
26806	244.3610760953742
26807	212.62011659088836
26810	233.5190251670551
26831	145.82708224559534
26859	203.09206894594493
26863	159.99958810443695
26869	201.8420310637131
26873	174.81160233040106
26882	213.61610978433356
26884	198.7514470714046
26886	209.99512495166812
26898	261.8415720440481
26900	263.7311323297143
26903	229.51872819846997
26909	196.74423836550164
26911	230.97011038270193
26922	238.1956967210964
26923	244.25481494307775
26959	243.9818066551227
26960	217.906803602795
26963	188.23534946295223
26966	225.9965799076154
26967	247.40676862144485
26999	228.29815414101427
27002	214.28081939616365
27003	276.4378839998532
27004	215.7415997754697
27016	191.1196008126907
27017	214.09680779702651
27024	250.52149178449662
27030	171.89906894372015
27040	200.3374002518181
27042	194.50048765210389
27045	251.72763250802004
27047	226.45163662594652
27121	330.03972260490025
27193	468.0339455417195
27205	628.1000238440388
27206	804.3760624743592
27234	613.6209757335956
27235	611.2625251043985
27267	588.6460669962263
27281	768.9629883114544
27860	732.1411381917321
27988	211.4550325890834
27989	218.3326299617489
27991	229.32719624060437
27993	256.5645767457672
27994	265.12873066719214
27995	261.32992746420985
27996	266.79264894297035
27998	227.74605574529087
27999	260.3578064567306
28000	214.3530111900972
28002	258.0661109796479
28003	271.6601659826891
28005	229.11241808923825
1421	150.39858220824945
1430	181.59498566078173
1434	166.6682935002954
1438	180.553695061317
1442	182.55005792432638
1466	207.00744573106354
1467	229.89688388938518
1472	247.95660057853266
1474	229.22347952649653
1484	171.02514500370907
28027	163.03699029255884
28029	162.09899349370605
11824	159.8103988867259
11826	202.9498009478834
11831	174.68280203801004
11835	208.02810801412124
11853	179.22325918941382
11854	185.4118826851338
11855	225.96758324135794
11864	201.52719052210588
11865	188.4146423217086
11866	183.2325702590894
11879	165.43300911213342
11880	173.5327628052342
11892	143.80420959893428
11893	194.48555613760155
11901	194.44410335960447
11902	176.95533742609027
11903	173.5014513814045
11911	160.17311961053804
11914	182.5561132097673
11927	178.49464167085588
11930	208.2850854844315
11940	169.17474448606018
11941	163.37862137964643
11949	193.85032686272677
11950	163.7444042240728
11953	153.40748597898573
11959	151.7906156049918
11964	180.8541362798937
11970	162.07804725902625
12073	180.93050178508568
12111	192.9306347958605
12152	174.0673573053077
12156	162.76725746184076
12161	154.0887449094727
12171	183.58202093303683
12175	154.32271445968394
12179	191.32787897067337
12180	193.7761144464216
12181	166.6388906798012
12185	157.21778722005675
12203	156.59627459576504
12205	138.46975476347424
12269	151.8063802774822
12278	191.98107362279916
12279	172.01057593750838
12281	170.15373544582565
12283	178.96662147912664
12287	145.88528270957218
12349	134.03128443991596
12357	161.02166108968333
12359	183.0418921855265
12363	169.7839129080457
12366	187.44492052470156
12368	162.08242714448969
12376	76.84089553785083
12385	132.03623799666477
12393	144.17802428761325
12480	195.0216411133294
12481	178.34749546884802
12485	184.18698815258747
12490	187.40157743700905
12492	184.09481243616196
12494	201.2057540162971
12496	195.1443468233781
12498	195.91658146076884
12500	180.32204656127277
12511	175.59137423052735
12526	132.15615910642444
28056	211.2113731330771
28062	185.8339626092622
28064	221.1698564549875
28066	243.81646963429714
28079	240.05677181428013
28082	183.48569296372133
28090	222.5458092545065
28161	329.3969512161626
28162	274.91333117212093
28163	188.68773478423748
28165	233.1499584498067
28225	266.4496376642761
28226	270.40499650006063
28227	299.63704854705355
28228	288.7650558284782
28230	215.01213111244954
28232	287.13134578485284
28233	214.87339429949847
28240	219.05965107846623
28241	296.80008273072934
28242	295.435309115973
28244	235.53295442223626
28245	235.77140989256117
28250	300.4101685725078
28254	280.5952069247882
28255	181.436378232242
28256	237.61605720838807
28259	184.45070002078742
28265	189.5671625308508
28266	230.00114078177015
28269	244.17040678015613
28272	187.82376014653326
28286	167.4898675115496
28295	132.32362722618538
28296	139.83376792746915
28299	164.55561869425463
12552	162.1184554892162
12590	202.91340167812595
12591	154.14264965567844
12594	182.58255257915062
12597	111.01861432695638
12598	153.7165806749316
12599	107.30501206134218
12614	207.4855822202098
12618	175.3318216448891
12620	209.90097699307285
12660	162.20052272548745
12669	116.26693126905649
12684	177.59332971529204
12686	177.97230240825184
12688	177.0713010973628
12691	172.20599959921523
12693	176.1518467767788
12695	183.88694900670023
12701	162.62079332388146
12704	174.93005094942268
12712	139.556709188362
12717	163.19693936197717
12720	178.78832276377784
12726	128.73736567431084
12788	160.70862921376025
28327	175.79867074492137
28328	208.29412998291807
28330	192.3735166022529
12819	157.16388844635077
12821	175.8231036319333
12822	176.37781463376098
12825	168.54365579904206
12831	183.8720450197302
12832	162.96432098186415
12834	172.54764085349098
12836	178.6706449716898
12838	193.60540509283624
12839	165.2709339161757
12843	195.23869045539286
12844	196.07214395952738
1518	192.4379077963755
1521	188.891525742382
28342	119.2546272553383
28354	253.44202588813013
28355	218.78823666785829
28370	228.3451456600894
28377	187.8758175966707
28379	225.05254931192783
28400	149.9322743188521
1529	156.88811829275085
1576	176.84467813173316
1582	196.42862968668229
12856	159.58355691073967
12862	110.80133293906496
12911	155.58283707761936
12912	159.23843065676837
1629	214.71408726321621
1630	293.369427475235
1632	267.25978205659254
1635	243.72965723565662
1636	309.05676528514584
1647	279.77153687935504
28454	145.67553501471463
28459	194.7233667813345
28460	172.48723655702054
28470	186.442962799525
28471	184.56378031120016
28472	233.11828136556517
28473	220.81958469740937
28476	157.1404549342704
28483	180.86295347908984
28487	179.69616469678746
28504	175.23224060970523
28505	181.50541056585968
28509	196.99226640294856
28512	183.7881189064284
28516	225.68474109710556
28521	246.95395650891683
28522	275.7166284192278
28523	265.2108827495383
28524	201.63738864040664
28527	263.52683686482783
28528	193.4478330140857
28529	239.61787950262354
28538	182.1677128801236
28541	177.3538252746908
28542	184.02905678364166
28546	273.39997634793116
28547	198.50381952699215
28548	296.4447893380554
28550	203.14433556746965
28553	231.3387587238345
28560	110.4608697058004
12915	147.5202194355007
12917	129.39994160387184
12919	154.55534447692426
12921	165.14912555221085
1669	200.86719825856434
1677	183.56700147470823
12929	173.12055110469248
12933	136.48985310296217
28568	179.01195385035385
28578	191.4032093808949
28582	208.15033764116055
28583	203.65356789866493
28593	227.0832090489317
28594	198.3477316640202
28595	206.1176316182214
28598	199.43941560283704
34101	253.06533518430066
34104	195.08677551751109
34111	248.34565978695704
28612	232.38108204130467
28617	169.34933913382406
28630	178.52978431880064
28633	212.1579543400899
34130	165.8414451579571
12973	179.91289131021736
12976	200.6235395374711
12977	190.2501724912729
12978	208.65055054553827
12982	187.07981396658897
12983	183.9487127886903
12984	186.41933169997088
12989	195.81644883026482
12992	171.01540377937283
12993	205.40881953611049
12996	146.29291304491264
13002	184.51072601139802
13006	192.07816157889584
13007	195.73545101863868
13020	184.90289224385552
13021	176.03368140913668
13031	146.10077548160172
13036	202.05079161796064
13043	313.5666196429888
13086	162.7281491028801
13088	175.64814184529013
13091	190.4275932293469
13093	212.76977842103395
13094	196.6477645375522
13097	177.47615995718579
13107	164.13893659522302
13112	171.27637379940325
1688	151.02376829403633
1689	172.4212758923301
1696	159.19131048997963
1697	165.6754731319828
28687	227.51421884290008
28689	299.02578779255583
28747	300.286264499038
28750	309.91774959321555
28751	353.88632147600293
28752	250.24000517719196
28753	361.6323919689999
28755	224.12555756179123
28801	202.50446906571094
28803	178.64197538822827
28820	160.28670317001394
1701	213.78188243591208
1704	219.4453527068121
1716	212.72534051520992
1718	256.13086400375016
1720	209.91640800970106
13168	199.56572757892738
13173	184.9065312391848
13193	158.12044073903826
13195	230.67743993399023
13196	220.29395965051546
13197	210.73461920663476
13177	224.0521416488872
13178	231.77154570460235
13181	199.8195891250183
13183	196.1352003413795
13209	187.5680145207268
13210	218.76503512572148
13211	140.890969823372
13223	198.9070076229759
13226	192.7664388568821
13228	225.99516592369886
13232	176.14120804719676
13233	196.59681755708684
13235	208.31734816101041
13237	159.7645701204393
13241	221.71535606707627
13245	194.93297992945588
13247	174.1835301861535
13249	208.11676677231904
13250	239.63086638294632
13261	187.49569589642496
13264	208.97845644887693
13266	211.0348857069135
13281	191.02161715724083
13282	157.51942355761142
13286	163.71188463441896
13299	162.20172019169857
13300	157.65007136101787
13318	133.93002576704077
13336	130.46819557581676
13344	177.24176061981086
13346	199.73452536302787
13348	165.19728901564795
13358	172.19277744930397
13362	164.07837798293266
13365	183.45037080041257
13366	165.47191650191996
13368	199.04353829440407
13369	229.78485999790345
13376	214.71438643855868
13377	197.32030127437037
13379	220.40289928854295
13380	169.52142867150243
13385	120.68228304079992
13402	157.344247254113
13411	216.63368459785573
13415	171.24729102738848
13428	226.20892597420507
13431	309.55021971250284
13450	166.06817013499852
13452	162.05135890648958
13454	150.63058758315802
13459	200.26174755221268
13461	142.09643690948948
13472	172.2468116968934
13473	150.09254212382277
13474	156.8822816233378
13480	200.8270528803215
13481	197.1403006822137
13482	179.8503104500996
13484	202.5518364172517
13496	194.36546009932513
13498	212.58699646138874
13500	168.24647096907674
13507	185.49140452735918
13509	152.60869824545713
13511	226.799732292251
13512	175.51695398661667
13513	209.5440204186031
13514	212.51822466474613
13516	224.64083801113756
13520	160.5535819582158
13523	173.64588105727043
13535	131.44364657413462
13543	168.0618906631495
13544	197.708270616967
13545	221.70080873786074
13548	181.13135086814083
13550	160.48880338326347
13551	199.00993923804657
13554	190.34973712404295
13562	141.8318639338368
13566	161.18080320400165
13567	199.06067114441854
13568	191.99822738870785
13569	203.3710031386104
13573	152.10490342242494
13579	210.47453814225915
13627	158.6219575050336
13631	197.8966027384061
28828	153.88771746369014
1737	179.81335320749966
34167	171.44065804427885
34169	237.74421024899252
34170	249.74704186509044
34178	227.7638124577009
28867	158.6569834458766
28889	183.93580114898012
28901	179.27674977259568
13669	236.72189486222038
13670	241.20220790064354
13678	266.3012039303751
13712	196.74158578110627
13714	146.61226560736674
13717	217.0095324514058
13719	230.30511922582795
13723	184.32480685718375
13724	200.7272469656349
13728	238.64507401307276
13729	129.9425847643889
13736	170.5548863863892
13739	224.11315134100357
13741	176.3776525114622
1914	200.69908142480153
1916	234.7355590754299
13899	191.20768622737677
13951	201.8588256676492
13953	169.67295719719496
13957	200.29188386262982
13962	229.6742041528469
13964	212.09030644743703
13965	186.6557835871444
13968	244.64695941129077
13978	179.18779344607785
14040	147.00327634131492
14042	218.61949178893727
14046	213.6648309820608
14067	148.40898740356207
14070	161.3947107058419
14075	197.82298623683474
14077	155.24671655149518
14093	145.41049621684093
14097	190.9710794019801
14102	141.28559609871613
14111	203.53450271254877
14112	144.81063353906117
14123	143.94222075778578
14139	224.00142901019302
14140	212.99594125758784
14143	225.40559256546663
14145	207.80840201269575
14152	183.82279300795105
14154	157.63888885299556
14171	148.3225656268119
14179	160.51969952949784
14184	178.65861129045427
14187	114.65962525422871
14223	210.10918163251952
14224	222.53003069104852
14235	244.1506441938306
14251	134.14447263498803
14262	142.68857806654754
14291	152.32692714636812
14293	191.7622797740045
14308	189.70306506014015
14361	184.42305484039227
14364	171.87684055379432
14383	204.65626606280168
14388	179.18532447983998
14408	144.04146866734433
14433	206.47891511085794
14436	230.66770911245237
14437	207.52103790675423
14439	222.47305411052778
14430	180.50894574610663
14464	200.42448413254857
14468	202.34642849658874
14469	180.26903481238048
14492	149.916159450446
14499	120.74074317128373
14675	178.8295662294237
14678	213.2723740250993
14679	188.7757405625178
14687	180.72821817189669
14691	188.9717039126588
14697	153.26180979888227
14699	190.878243251489
14705	201.7334033333105
14706	198.40288570596067
14707	214.39773479757469
14709	223.52246310959904
14717	185.68456634062665
14718	185.45926600482335
14747	164.3477635274046
14753	221.72996100487026
28971	198.20868734780942
28972	233.543501749364
28975	200.66204653042521
34191	223.38368459783007
34193	235.19123948094895
34195	225.22261601630674
34196	200.9388251559561
34198	250.2560902617706
28992	191.42651009911842
29002	235.729897072676
29011	255.9006289966707
29012	286.0770685431985
29024	273.7741177082395
29028	232.86918982313685
29030	213.22348965218075
29034	261.39329872329273
29055	269.325720345783
29090	202.87554658452933
29092	204.9972387081721
29096	159.976051340982
29097	216.0665292233861
29099	292.6233153872415
29101	254.10451569409454
29107	199.68383502229565
29117	236.59322658833563
29135	215.3910785567441
29137	186.32765033695395
29138	234.1151325703514
29139	210.87575535031942
29140	293.57440298312616
29141	281.72995636948485
14761	131.1947474855785
14766	176.3100193274816
14768	141.94812297679192
14781	171.88867079271057
14782	179.01634335189394
14785	151.5184017079277
14788	200.6459206458266
14799	151.07452039079527
14801	132.07044921625865
14807	140.81135149391804
14814	212.58859147542577
14816	196.0074917959882
14818	202.5493154731138
14822	237.21042555847842
14828	178.00174626194556
14829	145.86412559315676
14838	307.01130811524183
14839	194.86587837916466
14857	297.3115151077925
14858	333.3044347973169
14886	229.55592414528493
29142	167.72735879583445
29145	183.09363814743466
14950	157.36215413777313
14951	196.8122579154777
14976	189.193978981909
14978	176.1151509928002
14983	183.24397650509206
14987	179.13018846786272
14993	159.2800897423026
14998	188.80556874556646
15001	157.04630869832033
15015	191.27324341544926
15016	165.2682413307111
2010	134.34197046672472
2022	159.16541500675805
2025	171.90791278549472
15028	237.20289758911332
15029	184.34419384657545
15031	232.5585921696963
15033	233.26541563659615
15037	195.49724946808402
29174	197.38137639670273
29175	251.37056626282984
29198	212.43733188154098
29199	156.91663197605655
29221	183.02994073946644
29223	185.09990629308265
29269	151.43060818219442
29290	202.1166896156836
29303	166.35537433304168
29330	153.5437787650465
29346	220.53833307178417
29350	232.4459088405024
29352	171.28315248133424
29373	180.6826961057714
29391	181.0938083703722
29397	184.12042112500401
29458	215.02995184958388
29459	209.61077141671421
29486	182.96477622019853
29490	238.13504318790908
29534	159.81426951771965
29544	222.2486364834805
2038	176.12004601493828
2040	196.57740912707962
15046	187.27523454816753
15047	189.3443869007027
15049	234.5275570311227
15050	202.57015282466546
15056	212.21511246178486
15058	194.97810626061926
15059	179.9447392029493
15080	187.71991124420884
15085	193.9725798799613
15086	206.1422136174543
15088	179.07230958634005
15089	180.15755874323955
15091	207.78955607609166
15092	206.99123270282772
15096	166.6665368849656
15107	198.47525521510397
15108	219.7128684063593
15120	108.40159929753945
2045	229.1008773045895
2046	208.39185759190005
2091	197.92854236982288
2092	219.61006842665515
2094	231.8934654459324
2095	209.58116765799318
2102	224.69955059656485
2105	241.66730071597465
2106	244.80803381835355
2107	208.6021456765451
2116	242.0637948521355
2119	229.68749785022783
2120	227.5319251394561
2126	196.1405520134341
2127	175.76361683592023
2129	204.1599454540721
2145	205.37811890702335
2162	214.19613773732738
2228	212.23960187030696
2232	233.93544543500894
2241	260.79207382743266
2245	256.3222805381481
2246	255.76284880405012
2264	217.60367938376461
2267	205.65252750735465
2268	191.3183437200048
2280	203.67347125023176
2304	232.06712635446505
2310	209.77225904720072
2315	181.65494931372737
2319	185.89885538497535
2323	180.20823340277678
2339	198.2907651049855
2341	201.26625245578953
2380	185.51989199416607
2386	141.92878804159258
2387	142.38112090358374
2390	239.17085508867095
2391	212.49973820997172
2392	231.1097951568056
2395	199.57104065123
2398	224.14556811326705
2399	236.7162037748849
2401	261.0089888170327
2402	216.2535230796735
2421	199.50854714355825
2445	180.71607101094224
2450	211.3171825375868
2463	179.59875808202
2532	192.28041849935713
2545	216.38203489834615
2546	207.14697122204115
2556	204.17311213330254
2571	178.86543570416737
2612	230.59695380437728
2665	278.85997713341123
2668	256.7875742411031
2669	229.365084622913
2670	258.95260063716444
2672	259.80563263068296
2675	250.30480071001065
2688	167.4951871456571
2689	194.9818525575857
34218	169.60504743552903
34220	191.03381800176774
34230	257.44351021440156
15126	188.3844109190949
15129	214.21002993748596
15130	195.7298573193418
15135	207.11702530178727
15137	187.21440777279764
15138	160.47023467399214
15140	180.1093664162624
15145	204.73405129470797
15147	198.35015852717763
15149	170.82852855610352
15150	180.42842065137197
2695	166.72160317377876
2703	204.61066530473985
15161	158.74008854528333
15165	151.42766089135745
15175	163.92559189560856
15176	174.01299378061785
15178	185.52505572884795
15237	185.22931837357433
15241	96.29420986895543
15242	94.3347831302035
15248	172.93200213076392
29595	154.51121833103878
29599	178.33974116285495
29611	211.51662813192164
15285	164.1423480345882
15287	169.03501448575352
15288	178.5608532378
15293	175.24330029818518
15294	173.9239536526043
15306	165.88331482975394
34245	255.03209607013346
34247	184.14980631135518
15310	121.15837795334826
15311	117.24529677569815
15313	132.80564501282086
2709	179.39048907948438
29655	200.01316669776082
29656	267.84890089241816
29657	175.4356418227242
29658	270.9832885329036
29659	213.04839242731302
29660	214.9786648482197
15326	156.2679874090296
15338	125.6771845278138
15396	73.85361682682519
15401	213.06696313071797
15402	193.8738804313664
15404	237.7205368111014
15421	188.87893854088293
15425	194.91924102968844
15427	194.13666138024664
15430	218.88391025330685
15431	228.68045962016262
15432	177.2151422225896
15433	205.2137783261194
2732	202.53889862750648
2736	191.35232305138703
2747	130.16991883098538
2763	189.06651146769772
2768	216.69349672981872
15458	160.3627010844607
15472	149.99386793239043
29691	216.24266173270394
29694	162.25253891572984
29695	202.0679353040441
15477	184.38080577599126
15478	173.98142004612566
15481	201.8921998046315
15485	155.61040113589902
15502	154.98821083398445
2784	153.89260666984953
2787	207.6142545043084
15512	168.61466813312353
15513	176.40074554458343
15611	157.3102128241296
15635	198.23145441705262
15636	192.67710631599581
15638	212.8232785143087
15639	201.9531491471559
15643	154.8235136238179
15647	203.7188111928046
15655	157.79208231609937
15656	192.64771818627005
15658	177.20273653980206
15674	164.3660448819802
15676	201.33722971885402
15677	179.98571648788402
15678	169.01113260668143
15681	196.857524344379
15683	210.1298754694043
15684	160.41448496314098
15686	177.0950995620841
15689	178.60301367775978
15691	167.11799430248533
15693	178.5344696852383
15701	155.42111481528667
15702	191.3891753151228
15709	196.14940773358933
15710	164.42050627069347
15714	176.47320071668076
29699	173.62614456061272
29700	215.81489151108653
29703	232.7730864507631
15716	171.92606191899893
15719	174.03912515629446
15720	187.9745511975515
15733	153.0872194197531
15736	158.7112892853473
15740	149.9918828468305
15741	181.17579100702082
15774	180.23178687463894
15783	171.66707576488648
15786	189.96923262758844
15788	179.9344361353586
15796	191.85411027435293
15799	177.68058969517867
15800	192.89477570945607
15814	184.84716889199743
15818	172.73675329159823
15821	178.36585302713738
15823	207.17207421556574
15824	181.9407475293754
15825	181.4754709668601
15896	208.19603673685307
15898	176.53216388784875
15901	160.83025784841712
15904	176.3255426556792
15982	186.37761319831705
15985	139.34042861337505
16062	161.99212459604297
16065	163.21633961369068
16083	187.56305041538405
16084	198.86439017580548
16085	204.46045221903682
16137	211.0925202911877
16138	189.59995065661178
16142	176.06708129897808
16230	177.17347815764325
16233	198.95520840569458
16235	215.95151873611547
16238	158.38513509371919
16240	210.82040347477678
16366	185.34453330347318
16368	157.26989068019788
16370	185.05349702812904
16373	193.79737093155137
29721	206.5811716171475
29724	211.14795287601478
29726	199.26422118508248
29727	201.5930910128771
16441	193.43736031144377
16443	197.69148680266457
16444	172.64548421863205
16446	194.3519674978953
16435	196.4023926342152
16437	195.21551590460345
16438	173.33138914689783
16440	198.07064550544882
16455	173.5146430826337
16457	194.3640159822936
16460	180.34072036094594
16447	177.82506580254883
16449	194.94840650068716
16451	213.49480796720553
16452	181.38253591160995
16464	175.35450640681972
16477	190.72916580741867
16479	177.4123161650252
16480	174.45376930632273
16482	213.04922196736632
16484	180.00658932547015
16486	168.73713891508535
16488	151.2631551897825
16492	180.8663586343947
16493	209.8157621228502
16496	194.84418032178218
16499	178.3244340386004
16501	205.86915051273644
16508	185.89654814141215
16510	201.66402180197838
16515	193.80868890122417
16518	182.23686899834811
16520	175.42309377255202
16523	155.1606831459705
16533	193.52392687487142
16536	176.64254683183333
16525	192.69445793415153
16528	178.25273792116909
16567	178.60051521533154
16569	191.52395478051852
16571	176.22384933593386
16558	180.23123017467066
16560	190.51924763972823
16562	175.96338775733716
29754	183.60314264128723
29781	240.23665708429598
29791	168.37733401262176
29821	142.96611759387633
29852	201.9770389066665
29860	200.66399405612825
29862	229.3740453901039
29889	195.7887704384808
29895	191.78936995346692
29942	204.38641063245817
29956	217.77373621701352
30007	207.7673470699028
30010	216.01616978293185
16587	123.19320648283379
30074	180.09522986993395
16595	200.39380224108743
16596	181.24290947331104
16602	132.87141099431685
16682	194.55757233531705
16683	160.45254816127704
16701	175.80253627129653
16703	182.91758327341014
16715	194.06390828930395
16716	188.37939221468014
16717	199.0222972637656
16721	202.01325282019852
16757	185.82217398976334
16767	182.02759665503126
16769	203.56897504248295
16775	228.21640075958314
16793	188.98336033766049
16794	163.17165095964083
16795	196.8596382511947
16796	198.69733912910513
16808	223.44364897910637
16809	182.81453868486608
16813	203.18187688577072
16820	135.09811892080643
16828	171.84269936554674
16831	193.33189486807558
16833	199.24871470189476
16834	180.94574030375645
16837	146.32348692347298
16867	122.39157737752123
16868	140.87005714837787
16871	112.15903175051254
16883	155.57989654632956
34299	178.4819644676577
34301	220.94770715930466
34311	245.72403084390902
34335	172.63836799094832
34343	294.85713915122403
34344	261.18603672286474
30113	115.3271385800467
30142	135.14759941893217
16908	179.54897357067486
16910	211.5874459371987
16911	196.99326022164232
16918	92.40011273845688
34401	269.6524865622623
34406	202.22946720597488
34409	285.1117217260306
34410	212.84824598671696
34412	302.68993091520196
34418	252.04513484025225
16933	185.22571038264138
16935	177.6335118365712
16936	166.86043430998464
16943	134.24652572015557
30171	223.36283603600586
30172	265.5260490126383
30177	261.59680449265676
30178	247.36050441305755
30183	300.8484123597229
30186	228.06643579142778
30189	266.39614763071575
16957	173.82634267038574
16959	154.35460475495933
2992	165.41024193057476
2998	218.92984633181013
3002	244.32473439716725
16980	201.23208065977803
16983	209.82085621317
16992	201.19192782564627
16999	202.36044880812884
17001	183.4306222660554
17003	177.71648013404365
17014	191.31626437954463
17016	217.737833942933
17017	191.934253730917
17032	158.9249718835932
17033	204.8936822621247
17048	164.89695120898006
17052	198.5504313312348
17054	182.628587626207
17057	187.64924422268976
17059	188.9171553229269
17062	238.19961495405994
17064	224.70509968917744
17077	222.2354510260808
17078	211.0179221346865
17079	192.08772936388002
17082	207.84690990545647
17090	177.2188862964912
17091	167.8185618430156
17092	210.92926853936643
17094	212.19470349633875
17097	208.73786620477588
17098	200.16270639827718
17106	184.52957643350638
17109	209.6101514264271
17112	202.25863582280613
17113	167.97665639421095
17125	194.04452686301866
17126	173.60675077007184
17138	179.2658109755355
17141	198.18840491745425
17145	191.4973335984642
17150	157.80133738302936
17151	182.02171457050937
17160	174.38117946737364
17167	216.71474403021153
17168	220.13450135192744
17169	213.37328122753053
17176	160.0091307837573
17178	208.82168063403176
17179	217.70513102852294
17180	214.83040642736583
17189	192.1227829169069
17194	191.25743863171698
17207	171.37182360203226
17210	200.28912062265812
17219	173.14515625879216
17220	196.63834508532625
17224	213.30229529945916
17227	143.01980171979093
17228	157.92422125704772
17276	134.77026176337117
30205	207.6935668650517
30214	238.22708726059943
30215	258.6301231459012
30218	255.5028349047994
30220	253.1709639373467
30247	189.533049074969
17353	133.72710593934522
17529	186.76935780995566
17571	149.01422792261243
17615	174.46900143768167
17665	137.00966496124101
17673	172.64815217978824
17702	186.79653620888976
17707	191.44705900181356
3008	225.37083044901064
3009	241.37420430183514
3011	204.01705818794397
17716	115.37458954563645
17723	199.9427536341961
17724	215.4106718883203
17725	163.48456475710023
17728	211.87949371794934
17731	299.2456528259063
17732	164.434955335726
17733	227.54995570461423
17737	279.53087124712107
17786	150.12458760304872
17791	187.16912033087343
17797	154.51851344810214
17800	173.01531032419143
17802	156.39149952526898
17803	177.8395610296181
17827	141.3117723029717
17831	178.96394168210648
17834	117.00435653981089
17845	155.31055830056135
17861	198.19836370368716
17864	222.94928380232582
17865	209.55746550951324
17868	198.39165592108301
17873	178.91409333320587
17875	204.82449982881525
17880	203.5708094162525
17883	216.33542803944357
17885	199.41063076805438
17887	207.82504751717784
17899	195.60769713741072
17902	191.47471916043276
17905	181.0875970877726
17917	180.33401773132385
17918	190.20823905041013
17907	196.98670436867187
17908	194.92563802723308
17911	200.390494934881
17915	226.38275127740644
17933	168.4676838074122
17937	155.72331187499327
30289	194.44813076272692
30295	167.97251268558597
30442	171.2558528325829
30445	177.85452250967506
17945	226.0888928843928
17969	243.58839124520242
17970	219.94901690880465
17971	205.271095414044
17972	219.88850528698427
17977	241.01609132397053
30464	194.8620453215136
30492	181.64478935640122
30499	235.85136208947074
30500	210.9809469961885
30516	191.36333310516
30519	253.78474767908918
30560	221.02090054065124
30562	203.33362698615323
30567	250.18434284762836
30585	209.35308978755114
30586	367.860758334663
30587	216.98409852577345
30588	291.4778438649466
30595	336.54860948318037
30611	275.54839570013166
30615	285.73399649791855
30619	166.7641317521145
30624	269.66176730598505
30648	196.7004420475345
30649	211.35540973029475
30650	268.3470214280592
30651	284.43015793342096
30654	255.6570251793556
30655	322.8151334319284
30673	250.5074830786067
30675	299.68921181063234
30676	218.4544505840085
30677	203.00882150574773
30678	262.4319054250728
30682	238.8930129514058
30692	210.01066965681468
30693	243.6120386307471
30694	289.294672672015
30697	220.63230816373374
30701	251.5053587503357
30737	174.85082566859018
30742	260.9983876562115
30745	299.3574719602743
30748	276.5496754800439
30776	240.1230511578124
30780	237.05684321849512
30789	273.1172713403486
30837	118.24552029859554
30840	157.76634129237658
30853	224.20034113371895
30859	162.5042277755514
30861	185.54486651929395
30862	211.1843048129134
30872	163.04783922757164
30877	177.0374876521036
30878	157.50131010323992
30881	198.53488173826148
30884	247.2769035569352
30885	209.2188961704924
30888	168.26923845263545
30899	202.31701479385814
30900	191.37192257055537
30901	185.80828626134615
30902	191.39473188160815
30903	197.81780433406496
30911	150.41569730910757
30914	186.72513280619
30915	210.51911532842095
30917	201.5228602944145
30918	187.39842709818853
30939	191.08453799575847
30940	133.54670685130074
30950	116.25551342164125
30956	208.50593988358145
30961	265.2324321129006
30962	170.76238198033946
30986	209.68052685447614
30987	179.6028408207936
30992	189.85635141375667
30993	245.1433507604072
30997	177.91808498344187
31021	120.49515754350485
31040	311.0559792801543
31045	267.58231592014397
31046	254.95692604738
31049	283.00999432793134
31054	240.2245104756338
31055	300.3018247158274
31056	236.81603247464878
31067	150.4329970317518
31070	168.17667173970284
31078	171.65214893348613
31080	192.62893149790554
31082	176.85612621276388
31088	139.0616342096218
31093	192.96705251255864
31095	264.8293922670919
31098	287.50843975910925
31104	234.7351783020826
31118	209.38369888110154
31122	221.58765272997064
31173	169.9333243741887
31174	123.5397914143591
31175	180.969432148154
31178	211.1231802422575
31181	197.50530631688946
31187	207.7444241386573
31188	224.22482548938515
31191	212.2400460755196
31203	181.64113119672126
31205	174.14925700704993
31209	194.5793149860763
17991	119.61339389736585
18010	121.7678839892355
18018	114.16576659189809
18030	139.61582354637505
18032	158.34097203624222
18044	219.32839810330626
18047	183.69120685411085
18051	222.2506421130656
18052	194.4969505311099
18059	210.22272328730008
18062	184.03777925566374
18065	212.19959362775657
18066	121.0288857094044
18083	164.66255211627896
18086	195.31653929487902
18087	193.42705741891578
18090	226.9686644794485
18094	182.65710865669803
18101	185.71438520456664
18102	246.9012775260009
18106	252.36900660809619
18120	165.73687277678184
18124	192.8657591860078
18136	178.69163400505184
18149	150.0940226109935
18162	174.98604779896903
18164	156.70220630461813
18197	134.513472066567
31223	140.10715792442068
18240	136.00691509490852
18241	197.11521029164163
31229	153.57386009135305
31249	173.80921902161887
3019	138.91306117431537
3028	204.27212486039994
3033	208.5404802403046
3035	211.88015345125126
3044	180.20105395245898
3047	228.8134675709643
3051	183.87878986151966
31260	149.81481140571464
31262	136.41152461584906
31265	184.24490155613628
31270	166.57782611269351
31292	150.88797729717209
31349	88.80436176218025
3057	169.17327948620886
18252	164.89012452803678
18254	165.48356755442123
18263	162.81020628029702
18264	156.10754621989952
18281	180.70807602561393
18284	176.4424302672019
18287	191.9664537394137
31360	149.78476667708435
18292	199.0522307847457
18293	191.67810798540575
18303	195.65074047369006
18304	174.33679724113173
18313	144.2204994890643
18318	154.22732502470774
18321	207.64691600459594
18327	142.53758565657174
18330	202.05713753885402
18336	163.564033484692
18338	148.72816496466447
18341	155.1326510336259
18354	194.64972008880432
18355	211.35045802118486
18359	211.45752631315133
31370	174.6054336280761
31421	211.56902285695966
31427	206.27459299336255
31441	243.2289879370052
31442	178.41931250558812
31478	196.60006856692922
31479	167.04058630983684
31480	184.82528768548408
31482	159.70583877263607
31498	165.73023350382198
31506	179.73405739761105
31517	217.59584949615797
31518	250.69908168347666
31522	204.07146668731443
31526	135.743967329982
31528	192.78206624709352
31550	188.12377103428003
31551	214.34277658601812
18377	161.42629675686538
31561	203.91097419891625
31583	190.55007303385258
31626	265.50389670850353
31628	192.78619467353664
31633	211.56963953793215
31640	213.7152696222489
31642	214.21777358844025
31644	200.60409641359206
31645	215.47881028560485
31646	211.3761748513824
31653	241.3284974847646
31654	204.85268143875382
31659	234.18591529525347
31660	176.88936056214422
31664	201.67304749765879
31671	236.60987652519157
31672	212.10679282404195
31677	264.01696439391117
3062	155.99204604512298
3074	225.23540204013943
3076	262.33920623977366
3077	223.53914102050058
3084	228.62940670615686
3091	199.40360246331917
3093	208.5295072613978
3100	171.07436128494194
3117	234.94267131277272
3120	181.09254622678498
3122	213.89197231000958
3127	177.3708106313296
3130	176.59319527077128
3149	150.06473003334278
3154	184.54888387149967
3160	175.23883110635163
3165	159.80326698119532
3179	169.48662695758762
3203	157.06007207584
3205	194.0431873727712
3214	161.0472424849894
18422	184.84581971020182
18426	200.3654255946158
18427	200.2265614291308
18428	217.22975978411904
34436	217.9345977016589
34437	223.02414768795944
34439	211.7513270190401
34454	239.60197727607093
34457	185.77630606221192
34460	238.4576032392363
34479	213.40808534366286
34486	254.98988247360828
34490	234.43987978252198
34492	243.57330798024196
34514	244.76752510614517
34521	191.01113570880986
34544	175.06657168576783
34556	268.74256066187917
34558	206.04341155245726
34565	258.3052918576134
34579	270.3369888308831
18431	169.46791802939555
18433	144.92514245416865
18434	169.48430065192917
31686	181.2165335631049
31711	203.01969029899445
31717	188.18745727526525
31722	151.89232976599857
31727	199.7565198013281
31728	157.58815362753302
31731	193.02699995869787
31741	184.27700356883045
31750	196.6067590772624
31772	228.9709677106885
31775	208.9185842355008
31805	155.8784988237422
31808	164.18903128120277
31816	213.21220121495662
31894	259.5114063549965
31897	219.5135291242153
31898	182.15949488067483
31908	357.7483479122676
31909	256.3035501354291
31916	220.1271452843757
31917	223.8127150233663
31938	368.3541538660282
31976	399.2035061458108
31981	337.8829756290913
31983	353.5545230953514
31984	286.0558943956223
31991	385.7409259427535
32008	357.31778287174075
32014	355.70726729455396
32104	248.4063350085644
32107	198.9438091285373
32111	246.3839775304506
32113	228.32412302907636
34594	165.5896641563096
34660	232.29651014744232
34662	174.91104279001485
34672	228.4937568887934
32126	176.72976697611594
32129	204.1914613789577
3259	216.6083271158132
3261	201.73794594101096
3318	183.21726373064
3423	239.55098510335228
3433	235.95717787875904
3435	214.4355359311816
3497	245.5497646888892
3499	228.62117780381877
3501	209.62147783527308
3527	180.90759540871517
32154	159.90618236192043
18439	135.64282419655507
18443	214.08744844265306
18456	141.74590684529926
18458	192.29838631679985
18466	208.5821880824065
18467	224.24906819596055
18468	208.16440778521542
18481	177.6628232211778
18483	184.25284763222285
18491	178.57979844069322
18492	216.57389465190323
34686	222.22651450052658
34687	258.35392368767066
34689	284.0367027909721
34694	241.24079228160835
34697	305.44173333623746
3608	128.49004245790667
3619	167.95355423405005
3624	236.96326441755525
3625	261.25554866306544
3631	185.92746801908453
3632	224.7121663373746
3635	262.6809718109043
3637	239.8152201356483
3647	169.24555396274567
3656	183.43340580978497
3657	187.7945937437661
3660	166.63437204513428
3662	146.6606759568741
3668	158.96513937350326
3681	162.7730824454093
18499	234.52529067353245
18502	248.5302087709452
18503	236.62984140552433
18504	261.9728196834547
18505	220.63000432498905
18506	239.76417861525556
18507	239.85797570308563
34722	217.33809845853511
34724	232.58075599294605
34727	236.98234029065756
34728	228.9333172588591
34729	241.53451969392646
34737	200.88411126360018
34738	189.86266653555484
34740	211.09042674587056
32162	224.99453672047989
32170	194.8050153973346
32183	179.28128694903447
32190	208.76238741226217
18516	227.93772663575646
18517	252.21441091253968
18518	276.0914478663911
18520	257.63790923743704
18521	270.76478707372763
18524	331.6182496189935
18525	253.21588465904134
18526	250.5882057643847
18573	160.02423775702894
18579	194.72760641130373
18581	182.83962204790345
18582	191.61217722221824
18583	204.45029183474247
18619	177.32060666117775
18620	167.64863216097234
18643	175.96536082748696
18653	176.61976123968404
18659	154.29330744008314
18684	184.84101047272856
18686	180.33624267757787
32222	248.52963611703976
32224	285.5219819096273
32225	287.2633977811671
32275	325.49568667188834
32286	327.6513170069885
18705	180.37942178057142
18706	175.90839933809048
18708	154.18723294676485
18725	167.17194773058168
18727	182.23606055925632
18741	163.3782659847453
18743	196.5395581025135
18746	182.8735831576159
18762	199.74645723855866
18791	211.17042556507565
18792	181.0429974302068
18793	209.45241642339735
18795	215.63294479774342
18816	205.34223727485704
18821	184.60601867670596
18824	150.3145242209299
18826	136.45170705496574
18831	187.61770232880033
18837	207.2686726243125
18838	175.51641636078386
18848	184.54433045809867
18852	202.4531519253343
18853	178.68345652568325
18875	200.15341762843664
18876	165.99385403611
18880	188.82227495851902
18895	134.22515512036694
18902	161.10013935835053
18905	160.6545800319532
18911	122.17708108064444
18919	158.5541607104915
18934	192.10529081860494
18937	183.70213031070406
18940	159.4543227866332
18942	194.6618112818954
18947	155.0289606701632
18951	165.06460149753707
18957	155.73194646324077
18969	159.12040682423137
18970	171.18869531789997
18975	181.60869610206154
18977	197.3178861693357
18979	187.0059400796131
18982	203.7050125773191
18990	171.0569970358171
18991	204.96773944928475
18998	186.13468661450142
19003	192.4246415884328
19010	157.52556547012293
19012	207.42741650187426
19015	168.26041388048662
19051	167.8959481703759
19052	189.6950254316577
19053	188.74823281277247
19058	154.30745308010694
19062	177.29589471752826
19113	155.00256976422997
19138	183.09939763940278
19139	193.0901741087872
19142	192.48316158493137
19147	165.74133963905277
19152	175.9011167884182
19156	170.6551802298883
19174	162.86333294165559
19177	157.73963064350775
19181	189.43712990182516
19185	165.48127620304766
19187	213.8966491320584
19209	179.4967924364948
19210	163.69229356650024
19217	158.7410371775315
19219	198.76701473971474
32290	173.32197223688047
32385	241.7658659019698
32386	212.19330309064654
32387	218.65309244678357
32389	228.9592767027013
32390	253.1044902402678
32399	250.47225331548964
32407	215.8740716721424
32408	173.98610238988877
32431	180.89385731918424
32432	233.77756224114992
32434	202.6615901830807
32437	230.2431116377349
32449	188.2935367988649
32500	159.5227314799567
32523	171.25367415088806
32524	163.05635691993814
32549	153.19148923491704
32552	159.98801830259035
32563	128.73736730386938
32565	179.44055679066258
32569	162.0738220834975
32571	242.68510514918316
32573	206.00717819864994
32595	207.30034678295021
32597	209.5167407632248
32600	210.1571385709805
32614	131.47274041235963
32615	179.60043490569964
32618	181.6919018306463
32621	171.27311763485787
32632	198.27868725802017
32634	195.3130048855567
32668	196.51160495293936
32670	158.29202230771654
32678	228.15792185606378
32680	195.53392803992884
32712	219.72432583067229
32716	229.28307751027967
32718	193.98369167331748
32727	159.72887130324224
32728	229.28536237667356
32757	168.9323702650899
32759	171.9875043740662
32767	159.07953497209627
32768	146.3279126656067
32771	136.9542807399035
32788	186.9113620443364
32791	210.4563253763834
32799	177.59130774671547
32800	195.90396182874568
32801	205.91857859963375
32802	192.80919769121817
32803	205.3908441621499
32804	188.46203977177177
32806	200.52200093904676
32807	225.87863785027886
32808	248.2404388918615
32813	259.702234678651
32821	235.21954239346726
32822	199.47103555127845
32823	232.7262262964032
32834	242.37874519025195
32838	189.8350628127406
32842	197.82691497898543
32865	210.03168100589454
32870	223.35104018385795
32871	246.48454578806292
32874	247.14831935655286
32886	227.31697568481357
32888	220.0575593166974
32893	269.23201811081077
32894	239.87684569247207
32907	209.45203344853587
32910	173.0990797963755
32911	216.31861665317416
32918	127.57090489881001
32936	178.76886929707004
32959	191.50920455085645
32964	248.17605705278143
32996	187.86361124804904
33000	260.24842484998965
33002	205.4216853492201
33005	153.990140291811
33006	197.31122448055595
33018	161.73928276029636
33060	175.22347642141114
33070	202.17256525604873
33071	232.47903335769783
33072	260.92536981552115
33073	190.8716032636731
33079	178.7019562342987
33113	252.6639838837894
33121	264.0942480321737
33127	277.7847576263212
33141	222.70248628905355
33173	161.49318929287668
33185	202.5140154414114
33188	202.9516112083724
33189	185.84071043042889
33200	136.69737464738202
33209	229.6716132859588
33233	175.23605760229333
3690	203.52364835505628
3693	204.90513762933935
33298	106.41428288192137
19229	138.64951143613854
19235	215.64153787536407
19236	197.6471205073742
19237	222.63157767287214
19240	242.07586391503995
33304	251.4596153712038
33306	209.09945640587807
33310	269.2813275455664
33311	250.60403509181253
33312	273.6573011606322
