gender	word	n	log_odds_weighted	corpus
FEMALE	vous	88367	10.922341463042901	fre
FEMALE	époux	2423	9.449338074357641	fre
FEMALE	mère	3007	8.785121531373756	fre
FEMALE	amant	2359	7.6201551811476405	fre
FEMALE	mari	1512	7.5753501811977415	fre
FEMALE	tante	751	7.313182964095743	fre
FEMALE	hélas	3323	7.278555669902052	fre
FEMALE	coeur	11467	7.218448670103167	fre
FEMALE	rivale	438	7.202715804974177	fre
FEMALE	ne	48364	6.941402749209933	fre
FEMALE	malheureuse	730	6.863200726442324	fre
FEMALE	quil	16404	6.5279349252677425	fre
FEMALE	mon	35529	6.323794873984411	fre
FEMALE	me	34482	5.892134606356756	fre
FEMALE	maman	403	5.592059715146132	fre
FEMALE	frère	2627	5.372104034527612	fre
FEMALE	fâchée	287	5.358093586633558	fre
FEMALE	père	6178	5.29008831757966	fre
FEMALE	obligée	233	5.16076096046042	fre
FEMALE	sûre	457	5.120303958267281	fre
FEMALE	dorante	507	5.01446183187087	fre
FEMALE	il	38106	4.987784778520463	fre
FEMALE	soeur	2149	4.894083625461196	fre
FEMALE	amour	5163	4.892493016435776	fre
FEMALE	lui	14584	4.855573951682621	fre
FEMALE	heureuse	798	4.845362416368625	fre
FEMALE	que	85553	4.831466584090343	fre
FEMALE	pleurs	1548	4.77397265482513	fre
FEMALE	cruel	1533	4.7098227307613785	fre
FEMALE	lamour	4737	4.709178466257264	fre
FEMALE	chevalier	773	4.665442021205174	fre
FEMALE	seule	1795	4.608381430885809	fre
FEMALE	aimée	355	4.526664532600022	fre
FEMALE	lingrat	298	4.317445929310598	fre
FEMALE	valère	422	4.289724495020541	fre
FEMALE	aime	2050	4.134665141649545	fre
FEMALE	aimer	1142	4.057300196834716	fre
FEMALE	maime	518	3.9856215252884732	fre
FEMALE	hans	92	3.969781194744544	fre
FEMALE	chère	1798	3.92340136468989	fre
FEMALE	ingrat	715	3.868802304438677	fre
FEMALE	pas	29788	3.836153074697131	fre
FEMALE	contente	482	3.75964664770227	fre
FEMALE	êtes	3235	3.675560083213009	fre
FEMALE	réduite	249	3.6578761630031216	fre
FEMALE	lisette	738	3.646466176850773	fre
FEMALE	votre	18626	3.629765616965791	fre
FEMALE	mademoiselle	1307	3.5990666064249255	fre
FEMALE	crains	1512	3.5390596786982895	fre
FEMALE	laime	655	3.513189973308944	fre
FEMALE	léandre	323	3.478361529474406	fre
FEMALE	si	26885	3.4727820643870544	fre
FEMALE	amie	403	3.4578734983680057	fre
FEMALE	douleurs	663	3.4431495982836324	fre
FEMALE	roméo	115	3.387382385459012	fre
FEMALE	larmes	1226	3.3558421182434994	fre
FEMALE	charmée	181	3.3509516376846715	fre
FEMALE	tendresse	1214	3.3492276718763603	fre
FEMALE	ma	27678	3.3378414224022563	fre
FEMALE	thésée	257	3.297067408389337	fre
FEMALE	jason	195	3.2703849444489625	fre
FEMALE	servante	226	3.2397242263400954	fre
FEMALE	théodat	106	3.234159971638691	fre
FEMALE	persuadée	100	3.2130283145772176	fre
FEMALE	peutêtre	2766	3.2124988858760473	fre
FEMALE	maimez	366	3.171713688507217	fre
FEMALE	derville	61	3.165103646942221	fre
FEMALE	triste	1326	3.151636251700293	fre
FEMALE	haïr	511	3.12040416512209	fre
FEMALE	jalouse	310	3.1193106779401494	fre
FEMALE	trompée	232	3.115993062927965	fre
FEMALE	monsieurteissier	68	3.078714813373384	fre
FEMALE	tyran	793	3.073264264797958	fre
FEMALE	soupirs	825	3.0708048407935973	fre
FEMALE	pleurer	395	3.044468602255391	fre
FEMALE	douleur	1689	3.039127709327557	fre
FEMALE	rodrigue	112	3.0273905619437196	fre
FEMALE	cléone	78	3.026768899057527	fre
FEMALE	phénice	122	3.0227596121698923	fre
FEMALE	maimer	242	3.0079260506552967	fre
FEMALE	sil	4815	2.9814190515724484	fre
FEMALE	lindor	99	2.967693047392242	fre
FEMALE	perdue	254	2.929021612596144	fre
FEMALE	héros	922	2.9081718747209075	fre
FEMALE	choix	1263	2.902537364764077	fre
FEMALE	née	186	2.834929949401444	fre
FEMALE	amante	287	2.8335845383435068	fre
FEMALE	miss	53	2.8313481110378835	fre
FEMALE	amies	111	2.8101299124177395	fre
FEMALE	daimer	463	2.805246292567817	fre
FEMALE	honte	1212	2.7669119240228217	fre
FEMALE	condamnée	123	2.742655970710018	fre
FEMALE	aimez	440	2.7317059685692135	fre
FEMALE	avez	3089	2.7225985488819098	fre
FEMALE	phanor	54	2.7117605995085445	fre
FEMALE	azor	49	2.7062476104986284	fre
FEMALE	taime	313	2.6937035427879312	fre
FEMALE	venue	287	2.6878433763319953	fre
FEMALE	justine	87	2.6810161126172614	fre
FEMALE	prête	561	2.6757872769157505	fre
FEMALE	forcée	138	2.6743138706305367	fre
FEMALE	trahie	128	2.6697486263499606	fre
FEMALE	cacher	808	2.65367476895039	fre
FEMALE	laimez	195	2.642192422186048	fre
FEMALE	âme	4017	2.620533980422903	fre
FEMALE	cousine	293	2.6163194107946404	fre
FEMALE	infortunée	207	2.607176374108346	fre
FEMALE	tremble	580	2.5953768907834975	fre
FEMALE	hi	139	2.5877168368775627	fre
FEMALE	maux	1529	2.5826204996794213	fre
FEMALE	maimait	102	2.5811111056468867	fre
FEMALE	haine	1795	2.5806469808288504	fre
FEMALE	curieuse	82	2.5734259867667095	fre
FEMALE	trouble	1143	2.562253879742013	fre
FEMALE	malheurs	1181	2.5512398447375864	fre
FEMALE	tremblante	143	2.5295872472453023	fre
FEMALE	ennui	266	2.526391956207446	fre
FEMALE	point	13515	2.523056642691008	fre
FEMALE	laimer	316	2.5206089303409613	fre
FEMALE	couvent	221	2.50707601246079	fre
FEMALE	pourquoi	2676	2.48973330804307	fre
FEMALE	faiblesse	850	2.48883302842284	fre
FEMALE	sais	4185	2.486068021121542	fre
FEMALE	clarinde	48	2.465882643662121	fre
FEMALE	barbare	715	2.457406732658088	fre
FEMALE	ramire	62	2.438687047678679	fre
FEMALE	surprise	530	2.436210052184104	fre
FEMALE	sentiments	1002	2.4276837341939337	fre
FEMALE	ponpincourt	35	2.4072231155584336	fre
FEMALE	mérite	1324	2.3949119775725163	fre
FEMALE	plaire	1133	2.393159661860869	fre
FEMALE	quoi	6587	2.389817265916137	fre
FEMALE	hais	361	2.386133578885004	fre
FEMALE	accablée	69	2.3580270530098146	fre
FEMALE	prince	2049	2.3575744504096092	fre
FEMALE	compagnes	70	2.353602362035239	fre
FEMALE	éraste	159	2.3490578677289284	fre
FEMALE	vient	3196	2.345043849350455	fre
FEMALE	mépouser	119	2.3357623277790096	fre
FEMALE	monsieurbourdon	38	2.329297156822927	fre
FEMALE	satisfaite	152	2.3289714549391314	fre
FEMALE	sainville	41	2.324731525072156	fre
FEMALE	ah	9937	2.320034786098547	fre
FEMALE	poupée	45	2.310645323264656	fre
FEMALE	destinée	528	2.2927736229041535	fre
FEMALE	céliante	40	2.288019877714211	fre
FEMALE	félix	115	2.2823591863267563	fre
FEMALE	souffrir	1149	2.281475726132715	fre
FEMALE	perdiccas	63	2.2775536356818007	fre
FEMALE	vengée	129	2.2675303392891215	fre
FEMALE	rougir	403	2.2629203248225065	fre
FEMALE	georges	55	2.2488111953527796	fre
FEMALE	golo	62	2.2450275938432847	fre
FEMALE	fée	105	2.2420790236210513	fre
FEMALE	toinette	78	2.2331832467617208	fre
FEMALE	clorimant	40	2.232718258882427	fre
FEMALE	estime	490	2.2240208544714206	fre
FEMALE	dione	35	2.2159752082467152	fre
FEMALE	dites	995	2.19790273569445	fre
FEMALE	laissezmoi	618	2.1930135927955092	fre
FEMALE	floridan	67	2.189493308548187	fre
FEMALE	chagrin	561	2.187481974830316	fre
FEMALE	confuse	111	2.180484258607997	fre
FEMALE	maîtresse	1245	2.172810798052691	fre
FEMALE	tristesse	345	2.1722825176531946	fre
FEMALE	mariée	168	2.1619357594421267	fre
FEMALE	amelin	35	2.1552160874675392	fre
FEMALE	nérine	161	2.15371213443644	fre
FEMALE	abandonnée	117	2.149007223995599	fre
FEMALE	tendre	959	2.147835992571437	fre
FEMALE	abusée	78	2.1407324192702086	fre
FEMALE	hymen	900	2.121687236198571	fre
FEMALE	doutée	31	2.121223370409144	fre
FEMALE	serrefort	31	2.121223370409144	fre
FEMALE	ennuis	332	2.1196637129800138	fre
FEMALE	dorine	51	2.1093387342359575	fre
FEMALE	perfide	812	2.1049057285127204	fre
FEMALE	penchant	256	2.1030391983018792	fre
FEMALE	estce	2308	2.0992697798698465	fre
FEMALE	voir	6534	2.0806237082252532	fre
FEMALE	amants	590	2.078079200561941	fre
FEMALE	plaindre	837	2.0770885547354165	fre
FEMALE	grandmère	58	2.0736165882341524	fre
FEMALE	hippolyte	105	2.0712825141543254	fre
FEMALE	almire	28	2.065992769310939	fre
FEMALE	policandre	28	2.065992769310939	fre
FEMALE	bonne	1978	2.065334301512439	fre
FEMALE	pénétrée	31	2.055826602643969	fre
FEMALE	outragée	78	2.050442332514325	fre
FEMALE	vainqueur	959	2.0423746939272474	fre
FEMALE	piarrot	35	2.0377948546796674	fre
FEMALE	volage	211	2.034945377364577	fre
FEMALE	bal	213	2.029011074946861	fre
FEMALE	chrispe	27	2.023587995031583	fre
FEMALE	mise	217	2.017547412244809	fre
FEMALE	geneviève	90	2.0110273367696516	fre
FEMALE	conversation	225	2.0101352126750123	fre
FEMALE	voulezvous	1047	2.0082040049634053	fre
FEMALE	honteuse	198	2.0081970097469544	fre
FEMALE	berger	357	2.0079964690490377	fre
MALE	diable	2052	7.548415804271734	fre
MALE	la	115947	7.246033545337999	fre
MALE	ami	3976	6.233176301480139	fre
MALE	les	63923	6.0398883229356315	fre
MALE	parbleu	835	5.9987555302456865	fre
MALE	maître	5075	5.34765110155707	fre
MALE	morbleu	567	4.738231818915179	fre
MALE	des	40774	4.542900849654778	fre
MALE	amis	2402	4.423712813983569	fre
MALE	morgué	418	4.40276655764213	fre
MALE	serviteur	617	4.291650928556563	fre
MALE	belle	4263	4.273432721551424	fre
MALE	vin	938	4.08614814008232	fre
MALE	un	65714	4.074854339795298	fre
MALE	heureux	3963	3.830321763028576	fre
MALE	leur	10915	3.6817277183724797	fre
MALE	rome	2149	3.680988277205561	fre
MALE	peuple	2295	3.6519051940633025	fre
MALE	boire	583	3.6350873264246815	fre
MALE	soldats	1051	3.593071634774472	fre
MALE	peste	627	3.5891205282581047	fre
MALE	prêt	1341	3.548711019496668	fre
MALE	rival	1690	3.4497437764669505	fre
MALE	dé	314	3.448490911704502	fre
MALE	sénat	878	3.444178408092759	fre
MALE	ça	2818	3.4414492556688465	fre
MALE	messieurs	1391	3.3109071211886856	fre
MALE	coquin	410	3.3052048493271253	fre
MALE	gens	2887	3.3010230469022903	fre
MALE	du	29769	3.2858883929639973	fre
MALE	allons	4333	3.2066271377457154	fre
MALE	beauté	2025	3.1984929269413875	fre
MALE	au	24914	3.1866990968891353	fre
MALE	lhomme	1041	3.107970985311539	fre
MALE	par	26680	3.1017306303388517	fre
MALE	obligé	493	3.095761049097607	fre
MALE	lé	204	3.0900546624108327	fre
MALE	bon	6367	3.045594791952572	fre
MALE	cents	440	3.043596620897646	fre
MALE	bâton	321	2.9837595977055953	fre
MALE	quatre	1183	2.9783921264052022	fre
MALE	de	214352	2.9378572845965	fre
MALE	mille	3608	2.932236404364759	fre
MALE	sire	868	2.8206644598088184	fre
MALE	qué	166	2.8101819214286845	fre
MALE	épée	484	2.7990850746875235	fre
MALE	or	638	2.7857876203034	fre
MALE	coups	2250	2.7799415550163253	fre
MALE	ces	16803	2.773952074996125	fre
MALE	vers	2400	2.7567920567775235	fre
MALE	roi	6209	2.7465680008863136	fre
MALE	nos	9553	2.74212355919227	fre
MALE	camp	665	2.740115480543678	fre
MALE	maraud	264	2.7341567528948754	fre
MALE	guerre	1529	2.7215867905974918	fre
MALE	théâtre	641	2.6978337657180886	fre
MALE	caton	287	2.6929663864659488	fre
MALE	suis	16356	2.654326957593732	fre
MALE	leurs	5225	2.651296496087654	fre
MALE	pièce	814	2.637994061883925	fre
MALE	ville	1381	2.6281736412626997	fre
MALE	chef	644	2.625937315886304	fre
MALE	adorable	517	2.6188068980504546	fre
MALE	princesse	1956	2.6179185985377242	fre
MALE	fâché	444	2.611696145578785	fre
MALE	trois	2209	2.586920277016685	fre
MALE	gendre	691	2.576646382076496	fre
MALE	lingrate	248	2.572114223306421	fre
MALE	chacun	1751	2.5718992605348636	fre
MALE	soldat	448	2.5656786959710214	fre
MALE	métier	494	2.565238811430748	fre
MALE	écus	638	2.5283668938855026	fre
MALE	ventre	252	2.5266476418074193	fre
MALE	zèle	1793	2.5230753900516554	fre
MALE	bian	510	2.519682969424858	fre
MALE	largent	898	2.4959700179366355	fre
MALE	beaupère	281	2.469942817437264	fre
MALE	français	617	2.4555564902606313	fre
MALE	corps	1798	2.443393897642621	fre
MALE	pied	840	2.4362692439243814	fre
MALE	cheval	385	2.4261622781779453	fre
MALE	francs	675	2.4210415417633206	fre
MALE	mamselle	143	2.41010830965851	fre
MALE	jenrage	268	2.4077383634230123	fre
MALE	césar	1063	2.399608958559107	fre
MALE	sur	17632	2.383428877878926	fre
MALE	chargé	509	2.3764223282156345	fre
MALE	sot	674	2.328588493936193	fre
MALE	ont	5697	2.316842838730802	fre
MALE	malheureux	3009	2.3154551251783584	fre
MALE	ho	282	2.3080719156315923	fre
MALE	sosie	158	2.306828164550907	fre
MALE	né	690	2.2999706154299018	fre
MALE	dans	34581	2.2710682175280197	fre
MALE	tous	14521	2.2681038407755594	fre
MALE	affaire	1629	2.254794997445152	fre
MALE	ventrebleu	108	2.250962805777913	fre
MALE	femme	4909	2.238936490005986	fre
MALE	seul	6040	2.235606481951336	fre
MALE	homme	5853	2.2306561088084353	fre
MALE	sous	4738	2.230249523690087	fre
MALE	mots	1286	2.229238280771016	fre
MALE	livres	444	2.2240176320938994	fre
MALE	et	159639	2.20923876637913	fre
MALE	nez	442	2.2090845842791857	fre
MALE	molière	675	2.2064317534293973	fre
MALE	monseigneur	498	2.1971802980167476	fre
MALE	romains	875	2.1968286906336636	fre
MALE	pendre	212	2.186766015233348	fre
MALE	ou	11926	2.1790073169489084	fre
MALE	charmante	771	2.1788436633228976	fre
MALE	nom	4495	2.1731966545633337	fre
MALE	holà	325	2.17315917610743	fre
MALE	payer	803	2.172707124049881	fre
MALE	tête	2759	2.1720551141844435	fre
MALE	pistoles	343	2.131356438805511	fre
MALE	travaux	604	2.128560510608738	fre
MALE	vieux	1079	2.108895087079019	fre
MALE	citoyen	192	2.1047900107977555	fre
MALE	poltron	148	2.0958129454772276	fre
MALE	compagnons	214	2.093501768138851	fre
MALE	argent	576	2.093446447431211	fre
MALE	valets	230	2.085559818669799	fre
MALE	fou	720	2.07028563287047	fre
MALE	nous	33284	2.0551168258197134	fre
MALE	tatigué	94	2.04589289342169	fre
MALE	chrétien	209	2.0438106801272973	fre
MALE	six	890	2.03864549590266	fre
MALE	louis	529	2.036923497547819	fre
MALE	vais	5035	2.0368276998347703	fre
MALE	valet	782	2.035891406552888	fre
MALE	service	1026	2.0299636230664486	fre
MALE	pargué	104	2.0270611987658755	fre
MALE	pierre	248	2.023848382867955	fre
MALE	bras	3463	2.023092365254401	fre
MALE	sûr	1214	2.022889462410495	fre
MALE	content	986	2.018552841032933	fre
MALE	pièces	322	2.017377899437961	fre
MALE	aux	10137	2.0065931503080963	fre
MALE	leau	517	2.000445454588847	fre
MALE	marche	447	1.9952475258618612	fre
MALE	manger	375	1.9886177038800192	fre
MALE	faim	328	1.9833451932293398	fre
MALE	surpris	859	1.9714925935737446	fre
MALE	france	643	1.9586859760346254	fre
MALE	payé	307	1.9517139640208057	fre
MALE	mis	1786	1.9422082726887882	fre
MALE	trente	393	1.9409219085550387	fre
MALE	ils	6161	1.9391493129625645	fre
MALE	en	63154	1.9372539230644694	fre
MALE	comédien	212	1.934584055185826	fre
MALE	bouteille	146	1.9328461675050481	fre
MALE	public	588	1.930799155020849	fre
MALE	poète	312	1.9301055977171861	fre
MALE	trompé	541	1.929788117804381	fre
MALE	diables	178	1.9279542180861438	fre
MALE	utile	396	1.9270458641612993	fre
MALE	services	361	1.9127302089097145	fre
MALE	fort	5845	1.9109744285629187	fre
MALE	autres	1881	1.9098312860540223	fre
MALE	sommes	1987	1.9081686749600588	fre
MALE	mesdames	238	1.9019360840075719	fre
MALE	somme	359	1.8960030273706903	fre
MALE	troupes	186	1.8928062497799465	fre
MALE	quils	2954	1.8834062074917026	fre
MALE	ravi	541	1.8824418177016453	fre
MALE	beautés	618	1.880606319541059	fre
MALE	téméraire	596	1.8801658953556133	fre
MALE	pendard	129	1.8791811509264156	fre
MALE	lois	2428	1.8783207506345974	fre
MALE	sols	135	1.87652654521345	fre
MALE	scène	443	1.8761383600161874	fre
MALE	pendu	155	1.8651009396549993	fre
MALE	bile	115	1.8648409966027284	fre
MALE	quant	457	1.860848402311544	fre
MALE	chez	3984	1.8568640373767664	fre
MALE	certain	989	1.8543982067649856	fre
MALE	champs	426	1.8510926051476155	fre
MALE	florence	93	1.8456752769426186	fre
MALE	bergère	343	1.8411887204310615	fre
MALE	coup	3270	1.8370547940444677	fre
MALE	parguenne	85	1.8368068971269016	fre
MALE	palsangué	73	1.8329449196259697	fre
MALE	voute	73	1.8329449196259697	fre
MALE	religion	251	1.828170816717027	fre
MALE	patron	102	1.827065025462221	fre
MALE	chapeau	268	1.8226806840196497	fre
MALE	battre	295	1.8215840538501902	fre
MALE	trésor	454	1.8206196974431539	fre
MALE	paris	1298	1.8176947266868697	fre
MALE	poste	219	1.8161413567792182	fre
MALE	dos	262	1.813041456329428	fre
MALE	guerriers	412	1.8130183602735732	fre
MALE	morguenne	75	1.8059417401873163	fre
MALE	instruit	431	1.8006537585730618	fre
MALE	valeur	1158	1.7953692005106365	fre
MALE	murs	618	1.793256839029947	fre
MALE	camarades	131	1.7921213577232333	fre
MALE	isabelle	470	1.7881259648267194	fre
MALE	braves	264	1.7845517091547087	fre
FEMALE	ach	5228	17.00060495916651	ger
FEMALE	o	6761	11.173214464077152	ger
FEMALE	du	29294	9.86924533944286	ger
FEMALE	vater	4218	9.530538166163552	ger
FEMALE	mutter	2891	9.295571348420138	ger
FEMALE	er	22471	9.11345192932341	ger
FEMALE	mich	19701	8.613308515064938	ger
FEMALE	liebe	3907	8.251330895163509	ger
FEMALE	mama	571	7.881220464405726	ger
FEMALE	papa	570	7.286438229467298	ger
FEMALE	nein	4706	7.073050672264701	ger
FEMALE	dat	1059	7.060409063697302	ger
FEMALE	mein	12106	6.85028060481348	ger
FEMALE	herz	3130	6.812226225793471	ger
FEMALE	gemahl	420	6.7547821857827515	ger
FEMALE	gott	4176	6.455362427337226	ger
FEMALE	geliebter	283	6.382453352305578	ger
FEMALE	kind	2338	6.314491057301868	ger
FEMALE	ihn	8134	6.235133373272584	ger
FEMALE	lieber	2281	6.028521299303703	ger
FEMALE	nicht	36060	5.7911286498434755	ger
FEMALE	nich	1547	5.702558700521029	ger
FEMALE	sie	39440	5.621078506019979	ger
FEMALE	mann	3478	5.600545988177613	ger
FEMALE	weh	1192	5.465664404084014	ger
FEMALE	dir	8935	5.352958486584564	ger
FEMALE	dich	9508	5.223260016673025	ger
FEMALE	mellefont	127	5.162089030941063	ger
FEMALE	ja	12013	5.132312662238003	ger
FEMALE	ihm	6263	5.0034829156564005	ger
FEMALE	angst	675	5.003262682049518	ger
FEMALE	freundin	274	4.978942907587817	ger
FEMALE	wat	698	4.680686411717812	ger
FEMALE	doch	12753	4.619502190719878	ger
FEMALE	mamachen	96	4.6138998960158	ger
FEMALE	so	23243	4.5745145882192	ger
FEMALE	mir	21148	4.428446674263205	ger
FEMALE	fritz	218	4.346794378096612	ger
FEMALE	arme	882	4.2799760888326555	ger
FEMALE	gurli	115	4.20657028571881	ger
FEMALE	lieb	887	4.1256283751345135	ger
FEMALE	mi	507	4.084248481044676	ger
FEMALE	nee	464	4.022494096269466	ger
FEMALE	ich	67360	3.992108267799231	ger
FEMALE	lieben	965	3.9613084501847444	ger
FEMALE	blumen	371	3.9597600278654626	ger
FEMALE	männer	621	3.939303634540517	ger
FEMALE	schwester	863	3.934916650130243	ger
FEMALE	gar	3093	3.821527539142804	ger
FEMALE	gewiß	1484	3.7550041079180594	ger
FEMALE	dalton	57	3.705147263548284	ger
FEMALE	un	1003	3.6977464953959664	ger
FEMALE	eduard	133	3.6641576167393315	ger
FEMALE	gatten	188	3.65697826064084	ger
FEMALE	schön	1208	3.6330296762947314	ger
FEMALE	gerippe	80	3.630277799718526	ger
FEMALE	wlasta	84	3.595958242595058	ger
FEMALE	vnd	583	3.537261986505809	ger
FEMALE	dienerin	67	3.4866803257517005	ger
FEMALE	vns	205	3.4736847631109016	ger
FEMALE	warum	2365	3.4257651027930955	ger
FEMALE	magd	159	3.422831724473823	ger
FEMALE	base	87	3.421005846026011	ger
FEMALE	oh	781	3.4036013000390555	ger
FEMALE	thränen	322	3.382950711934065	ger
FEMALE	vetter	432	3.3385895584708853	ger
FEMALE	mien	183	3.337544557495007	ger
FEMALE	huihussa	48	3.2878566678854306	ger
FEMALE	tante	223	3.286652084995411	ger
FEMALE	schwestern	131	3.2763406044537127	ger
FEMALE	libussa	120	3.2112078283573418	ger
FEMALE	ick	612	3.2018834755266083	ger
FEMALE	armes	256	3.1737671663126186	ger
FEMALE	else	108	3.163022627505887	ger
FEMALE	liebt	590	3.1491857127043734	ger
FEMALE	geh	1437	3.11642650081284	ger
FEMALE	max	152	3.103496126905525	ger
FEMALE	gianotto	48	3.0441953755310402	ger
FEMALE	to	208	3.0216432219161353	ger
FEMALE	edward	48	2.997967131969856	ger
FEMALE	karl	347	2.99381595832102	ger
FEMALE	betty	67	2.9931133719263907	ger
FEMALE	fortunat	52	2.980770282040477	ger
FEMALE	denn	8558	2.9201933964532913	ger
FEMALE	mudder	144	2.9174512831561263	ger
FEMALE	juseph	37	2.9048447844962495	ger
FEMALE	hest	124	2.900323236837746	ger
FEMALE	unglückliche	182	2.8977533028130935	ger
FEMALE	götter	616	2.8893661885257362	ger
FEMALE	gatte	118	2.8814536976108363	ger
FEMALE	ok	131	2.877594247894226	ger
FEMALE	tellheim	57	2.862313663333737	ger
FEMALE	jochanaan	37	2.847058704031006	ger
FEMALE	hugo	86	2.830717959122298	ger
FEMALE	hast	3402	2.8249220972817985	ger
FEMALE	rheingold	35	2.818752432485777	ger
FEMALE	guilford	44	2.787873662097254	ger
FEMALE	wolfgang	45	2.784176757634521	ger
FEMALE	mannspersonen	46	2.7813434813314557	ger
FEMALE	golo	133	2.7779403116923684	ger
FEMALE	pauline	76	2.777544790346218	ger
FEMALE	dein	3470	2.7671161753066507	ger
FEMALE	kaffee	167	2.766730449840548	ger
FEMALE	di	373	2.765184365542157	ger
FEMALE	bräutigam	236	2.7614591057329427	ger
FEMALE	onkel	288	2.759719529791269	ger
FEMALE	huh	35	2.759540042498052	ger
FEMALE	harm	64	2.754666536247042	ger
FEMALE	prothoe	32	2.7478100003464676	ger
FEMALE	willem	43	2.745370403414806	ger
FEMALE	tränen	373	2.7419808569725967	ger
FEMALE	gehen	1071	2.738406822115386	ger
FEMALE	alfred	73	2.7272715941175805	ger
FEMALE	sien	114	2.710976249758827	ger
FEMALE	mon	103	2.6979187403052385	ger
FEMALE	fernando	48	2.6947575666308725	ger
FEMALE	hew	64	2.6921080613448125	ger
FEMALE	asu	84	2.6914951101434745	ger
FEMALE	krank	314	2.6797667537137806	ger
FEMALE	allein	1990	2.6752303425993387	ger
FEMALE	diakonus	67	2.653062263378096	ger
FEMALE	böse	406	2.651222406777003	ger
FEMALE	weiß	3486	2.649409636959257	ger
FEMALE	langenscheidt	69	2.639805019660793	ger
FEMALE	mutterchen	51	2.6231290548570496	ger
FEMALE	jaromir	48	2.614051902652253	ger
FEMALE	erast	30	2.5912284017361067	ger
FEMALE	mägdlein	84	2.572715697814876	ger
FEMALE	op	55	2.5366462363983824	ger
FEMALE	falkenir	63	2.5327723003440634	ger
FEMALE	siegfried	151	2.53207433454776	ger
FEMALE	immer	2934	2.5309185907555745	ger
FEMALE	kranz	141	2.5277437840863346	ger
FEMALE	samuel	74	2.5225302623989805	ger
FEMALE	trina	43	2.5218519838122373	ger
FEMALE	himmel	1451	2.5084035675470355	ger
FEMALE	künkelün	60	2.508333469474033	ger
FEMALE	bist	3292	2.5072749877731813	ger
FEMALE	wenn	11656	2.501882870419086	ger
FEMALE	tonl	28	2.4945186298983066	ger
FEMALE	frau	2538	2.491029178876596	ger
FEMALE	ik	489	2.4800991700685184	ger
FEMALE	eltern	278	2.4778871402543494	ger
FEMALE	nie	1953	2.4696817594786955	ger
FEMALE	seggen	84	2.4578353866944593	ger
FEMALE	christel	61	2.4559068013206864	ger
FEMALE	steffen	47	2.4544600080902623	ger
FEMALE	biegler	32	2.447822789924998	ger
FEMALE	pathe	32	2.447822789924998	ger
FEMALE	lado	34	2.436329427704181	ger
FEMALE	trost	281	2.4329485010217002	ger
FEMALE	august	110	2.4298861465839465	ger
FEMALE	herrin	134	2.420371010440991	ger
FEMALE	liebster	186	2.4193104896521107	ger
FEMALE	r	128	2.41525030734169	ger
FEMALE	pepi	52	2.4137756437716296	ger
FEMALE	manne	261	2.3945006367337704	ger
FEMALE	fiekchen	26	2.3939872954584107	ger
FEMALE	unglücklich	231	2.389845067570829	ger
FEMALE	elis	41	2.3891964720947887	ger
FEMALE	geliebten	188	2.3807531138427804	ger
FEMALE	ralf	27	2.378576268514628	ger
FEMALE	anatol	46	2.3729156054367566	ger
FEMALE	damis	84	2.3685714438871797	ger
FEMALE	simon	78	2.368425801450538	ger
FEMALE	küssen	257	2.3661245945071214	ger
FEMALE	liebte	168	2.3639433534019316	ger
FEMALE	mander	66	2.3624667747133943	ger
FEMALE	schmerz	465	2.3590237545045785	ger
FEMALE	julio	68	2.357067971845338	ger
FEMALE	theseus	43	2.356204939665875	ger
FEMALE	em	154	2.3553484907535926	ger
FEMALE	jesus	118	2.3493055488247183	ger
FEMALE	schmerzen	214	2.345707154971865	ger
FEMALE	dag	69	2.341853559646282	ger
FEMALE	franz	274	2.341542462863549	ger
FEMALE	jungfraun	64	2.3414190166491053	ger
FEMALE	büst	51	2.3378475389115785	ger
FEMALE	klagen	212	2.336124142996628	ger
FEMALE	primislaus	37	2.3350110407907305	ger
FEMALE	herzen	1054	2.3318820805891596	ger
FEMALE	cardenio	95	2.3308410097901446	ger
FEMALE	erbarmen	187	2.3231616246381033	ger
FEMALE	komm	1350	2.302868882965218	ger
FEMALE	cathrine	65	2.297765064190756	ger
FEMALE	willen	729	2.2970434021290123	ger
FEMALE	kinner	38	2.29259149660027	ger
FEMALE	medon	45	2.2910745366251013	ger
FEMALE	nadja	37	2.2894043238702455	ger
FEMALE	mußt	773	2.2890473452845437	ger
FEMALE	wendla	34	2.2842537835586856	ger
FEMALE	chevalier	82	2.2791522506424067	ger
FEMALE	deern	48	2.2783310827475582	ger
FEMALE	wieder	3978	2.2751579764974825	ger
FEMALE	wirklich	962	2.2701884485284984	ger
FEMALE	keßler	54	2.26773068080388	ger
FEMALE	pittjupp	26	2.261686485386851	ger
FEMALE	josef	80	2.254974352737641	ger
FEMALE	lucretia	22	2.254322751625731	ger
FEMALE	willhelm	45	2.253932337182884	ger
MALE	der	114936	8.410959289157748	ger
MALE	die	120529	6.166369801222558	ger
MALE	teufel	2396	5.682912801688274	ger
MALE	und	137359	4.7498205657693005	ger
MALE	ein	54227	4.568084163708476	ger
MALE	des	20107	4.4256949728537185	ger
MALE	in	59348	4.220280216040571	ger
MALE	den	53775	4.210831914469	ger
MALE	kerl	1464	4.175063076080384	ger
MALE	kaiser	1347	3.7913892482768246	ger
MALE	ihr	36694	3.7782238960464376	ger
MALE	euch	15859	3.703769168553094	ger
MALE	auf	32517	3.698914955501049	ger
MALE	dem	31597	3.5710378927725275	ger
MALE	wir	26400	3.4954905198327064	ger
MALE	könig	3117	3.4829150275628367	ger
MALE	sache	2147	3.4011186364929618	ger
MALE	also	5735	3.383479315154033	ger
MALE	hm	1252	3.374886765461225	ger
MALE	majestät	1201	3.2548763720330203	ger
MALE	oder	7663	3.234498105258679	ger
MALE	volk	1975	3.202506084178909	ger
MALE	euer	2763	3.179423507309913	ger
MALE	das	81379	3.0790080226436536	ger
MALE	unter	4482	2.9955457045845084	ger
MALE	im	18297	2.9638573443476455	ger
MALE	zum	11502	2.937658443545582	ger
MALE	freund	3916	2.877983574988726	ger
MALE	krieg	1203	2.8456167719492704	ger
MALE	durch	9315	2.8025512183237833	ger
MALE	hölle	1050	2.7579313766955793	ger
MALE	zu	65575	2.7517331252715524	ger
MALE	gnaden	1293	2.747165413419362	ger
MALE	wein	1278	2.6868540132090173	ger
MALE	heer	745	2.6478246650993786	ger
MALE	mit	42170	2.6268621696862593	ger
MALE	bürger	576	2.618158139948088	ger
MALE	jeder	2411	2.617676063123106	ger
MALE	herren	2061	2.599479643455915	ger
MALE	rom	735	2.559357398146147	ger
MALE	land	1671	2.5239856584499463	ger
MALE	freunde	1482	2.522808511252783	ger
MALE	feind	1389	2.508579014649459	ger
MALE	deutschen	589	2.506136632529063	ger
MALE	sich	32543	2.457118791748514	ger
MALE	general	457	2.4467713064158882	ger
MALE	oberst	395	2.4404789607468635	ger
MALE	brüder	740	2.4338294839167807	ger
MALE	hund	673	2.404767255733304	ger
MALE	henker	509	2.3394846564484237	ger
MALE	diener	988	2.3202238617371145	ger
MALE	nach	11908	2.273926175466384	ger
MALE	exzellenz	328	2.272835693020852	ger
MALE	eure	2639	2.257898627561633	ger
MALE	alten	2302	2.2531917357284286	ger
MALE	kaisers	365	2.242765000966083	ger
MALE	geld	2223	2.2245356108521883	ger
MALE	einen	13038	2.2095822176272617	ger
MALE	hier	16920	2.1926139013024653	ger
MALE	fürsten	890	2.1842387726632535	ger
MALE	deutsche	464	2.1650709257023766	ger
MALE	menschheit	540	2.135646506613172	ger
MALE	holla	231	2.1303182914321668	ger
MALE	allerdings	810	2.113531752659831	ger
MALE	eines	2931	2.0985428070837076	ger
MALE	deutschland	388	2.0821278419004843	ger
MALE	donnerwetter	224	2.057349461119766	ger
MALE	schlacht	635	2.0517675959377812	ger
MALE	kameraden	231	2.0367219497072497	ger
MALE	alter	1678	1.999256858455753	ger
MALE	feldherr	219	1.995124849685382	ger
MALE	man	18683	1.9933935258596518	ger
MALE	kamerad	192	1.9932548162990589	ger
MALE	ehre	2194	1.9907954392520943	ger
MALE	beim	1978	1.9858703066815826	ger
MALE	hoheit	493	1.9854820389380108	ger
MALE	durchlaucht	365	1.9816632357928294	ger
MALE	bei	10366	1.9539530508416432	ger
MALE	bravo	355	1.9500891461918277	ger
MALE	schurke	230	1.9378748730994624	ger
MALE	marsch	253	1.9303028496135484	ger
MALE	schwert	1282	1.902596557981626	ger
MALE	vorwärts	423	1.8922818435457238	ger
MALE	hähä	159	1.8891425259897698	ger
MALE	truppen	212	1.8870208688295804	ger
MALE	weise	955	1.8831922646685921	ger
MALE	verdammt	397	1.8829571610156903	ger
MALE	bis	5273	1.8692289261675408	ger
MALE	einem	7524	1.86885466163439	ger
MALE	märten	150	1.8678095680257842	ger
MALE	schurken	172	1.8637568453154998	ger
MALE	feinde	789	1.861222753437777	ger
MALE	beckmann	148	1.8542484983946597	ger
MALE	stadt	1823	1.83296390053298	ger
MALE	sondern	1140	1.825230411039141	ger
MALE	satan	362	1.8247713736740339	ger
MALE	sire	268	1.8240603685358392	ger
MALE	da	25735	1.8239659210049335	ger
MALE	namen	2079	1.7865486048967982	ger
MALE	soldaten	453	1.7803358548730874	ger
MALE	soldat	260	1.773953799663495	ger
MALE	geyer	158	1.7677363021477528	ger
MALE	ho	298	1.7673836949830204	ger
MALE	große	1555	1.7665957240098722	ger
MALE	dort	4840	1.7654052601904802	ger
MALE	tausend	1202	1.7610437564010404	ger
MALE	kampf	779	1.758486268829463	ger
MALE	vaterland	676	1.7542459910928345	ger
MALE	jude	187	1.7540317661178755	ger
MALE	brutus	133	1.7492223493004728	ger
MALE	verflucht	402	1.7349585318474081	ger
MALE	ew	301	1.7341228184471493	ger
MALE	kerls	174	1.7333595267386992	ger
MALE	ehrlicher	262	1.7307252854944044	ger
MALE	faust	879	1.729785372466921	ger
MALE	maul	522	1.727778967230363	ger
MALE	seid	2900	1.7276565053511734	ger
MALE	diese	7502	1.7220406255371057	ger
MALE	anselmo	140	1.7172701735872242	ger
MALE	großen	1631	1.7133665670947782	ger
MALE	einer	6695	1.7120676372353811	ger
MALE	kunst	896	1.7019275068735442	ger
MALE	werden	9818	1.6908741728346006	ger
MALE	potz	182	1.6848102878902307	ger
MALE	vom	5419	1.683088779648667	ger
MALE	narr	709	1.6803270551919678	ger
MALE	gnädiger	702	1.6644065482854566	ger
MALE	befehl	649	1.6621048852858866	ger
MALE	von	36990	1.6604633642669921	ger
MALE	republik	143	1.6590428865352598	ger
MALE	habt	2692	1.658214467314623	ger
MALE	nase	467	1.653828563227832	ger
MALE	maike	114	1.6520573851831113	ger
MALE	aha	332	1.6493451012241935	ger
MALE	waffen	729	1.6454958376616304	ger
MALE	knochen	186	1.6450428668712673	ger
MALE	professor	729	1.6300423734056382	ger
MALE	röse	173	1.6199509762532172	ger
MALE	handel	245	1.6196013922078294	ger
MALE	weiber	743	1.615869202095785	ger
MALE	sapperment	126	1.6120361646606016	ger
MALE	nation	152	1.6100084614663435	ger
MALE	gegen	3613	1.6058029833580003	ger
MALE	aufs	1174	1.6000461084394075	ger
MALE	teufels	174	1.592217514128038	ger
MALE	fürst	896	1.5914526663720072	ger
MALE	königs	641	1.5913059366204791	ger
MALE	zur	5783	1.5903938861854154	ger
MALE	pferd	406	1.5852143262338776	ger
MALE	hundert	651	1.5728758785173669	ger
MALE	stück	750	1.5710309441855728	ger
MALE	väter	377	1.570325832115307	ger
MALE	natürlich	1262	1.5686169783155703	ger
MALE	zwei	2589	1.5663544947832995	ger
MALE	haut	390	1.5580585787748062	ger
MALE	rücken	546	1.5557164326000472	ger
MALE	richter	661	1.5548781953976138	ger
MALE	macht	5032	1.5536221371502288	ger
MALE	gibt	2340	1.5513685651866032	ger
MALE	schuft	173	1.5498342965900003	ger
MALE	pulver	144	1.5485755346551822	ger
MALE	hofrat	123	1.5455533452572379	ger
MALE	dieser	6152	1.5437119835033992	ger
MALE	gehorsamer	100	1.5412943838509041	ger
MALE	regierung	199	1.5412118369211016	ger
MALE	mancher	371	1.5349818683363554	ger
MALE	heißt	1926	1.5340066369499123	ger
MALE	wien	367	1.533654076070061	ger
MALE	indem	426	1.5303607176459928	ger
MALE	freiheit	1086	1.5251303468612016	ger
MALE	donner	372	1.5185872955377155	ger
MALE	hä	299	1.5178947140328167	ger
MALE	völker	263	1.5172021694337252	ger
MALE	papst	159	1.5144727541505374	ger
MALE	euren	940	1.5143244159812541	ger
MALE	natur	1380	1.5137895480915375	ger
MALE	anderer	408	1.5116680592347618	ger
MALE	beispiel	537	1.5096098083258447	ger
MALE	verdammte	185	1.5034117127961364	ger
MALE	donna	211	1.502262370130138	ger
MALE	cili	101	1.5011016636725454	ger
MALE	posten	189	1.5001674410850314	ger
MALE	degen	409	1.4962916532967452	ger
MALE	no	1270	1.494663042014461	ger
MALE	denen	986	1.4891660297306786	ger
MALE	sind	17554	1.4878336553381482	ger
MALE	sechs	522	1.4865230401577707	ger
MALE	auftrag	282	1.4841113282086145	ger
MALE	haufen	278	1.483774857452524	ger
MALE	publikum	204	1.4824859620739204	ger
MALE	knecht	446	1.479472152571562	ger
MALE	gracchus	120	1.4780185399651105	ger
MALE	armee	203	1.4751462496424896	ger
MALE	übrigens	497	1.4660953197828104	ger
MALE	bursche	235	1.4647114440368505	ger
MALE	ganze	2772	1.464453866188612	ger
MALE	schiff	468	1.4625747071888113	ger
MALE	drei	1745	1.4625201875870686	ger
MALE	galgen	157	1.4622484044930493	ger
MALE	steht	3536	1.4614682845312388	ger
FEMALE	ах	2134	10.615768013126845	rus
FEMALE	сама	662	7.46630944677573	rus
FEMALE	батюшка	597	7.016355392231096	rus
FEMALE	рада	242	6.089572901623507	rus
FEMALE	думала	202	5.840788546423859	rus
FEMALE	он	5268	5.337862014162523	rus
FEMALE	хотела	219	5.2924271153903195	rus
FEMALE	вы	6625	5.142030055294027	rus
FEMALE	видела	173	4.887177648772212	rus
FEMALE	сказала	234	4.813222590587603	rus
FEMALE	знала	166	4.772802182612519	rus
FEMALE	слышала	139	4.730165331967809	rus
FEMALE	мой	2245	4.653636801615373	rus
FEMALE	была	674	4.6313842996992625	rus
FEMALE	виновата	154	4.629597513186697	rus
FEMALE	уж	2672	4.506945933823663	rus
FEMALE	должна	307	4.388745678903273	rus
FEMALE	говорила	164	4.322428035142937	rus
FEMALE	могла	227	4.205736476783559	rus
FEMALE	говорите	394	3.962232448450458	rus
FEMALE	забыла	118	3.9362199430001357	rus
FEMALE	счастлива	115	3.89283962343265	rus
FEMALE	матушка	397	3.7623133644059488	rus
FEMALE	голубчик	175	3.6264531325533755	rus
FEMALE	замуж	236	3.617302946442403	rus
FEMALE	милый	274	3.616187466460475	rus
FEMALE	меня	4992	3.590722802586927	rus
FEMALE	мужа	196	3.5860931033127335	rus
FEMALE	видала	100	3.574080848563338	rus
FEMALE	мама	123	3.4889595346118507	rus
FEMALE	папа	108	3.4568497308485675	rus
FEMALE	муж	264	3.2671629083675153	rus
FEMALE	узнала	71	3.2475949878829526	rus
FEMALE	сестрица	117	3.23711488936844	rus
FEMALE	благодарна	55	3.193600813098319	rus
FEMALE	мать	281	3.193489594781475	rus
FEMALE	согласна	99	3.1598150899638124	rus
FEMALE	любила	112	3.0821566207653603	rus
FEMALE	яша	70	3.0617630332161214	rus
FEMALE	стала	131	3.051483856158037	rus
FEMALE	тетенька	78	2.9524967457667506	rus
FEMALE	вася	90	2.9347637737095535	rus
FEMALE	мил	112	2.9339006930590004	rus
FEMALE	готова	115	2.9172034341915123	rus
FEMALE	жила	83	2.9098785007576806	rus
FEMALE	просила	64	2.909451203731336	rus
FEMALE	уверена	46	2.893878640547838	rus
FEMALE	мне	6047	2.8709377597481636	rus
FEMALE	знаю	1164	2.8602906241754944	rus
FEMALE	игнатьич	56	2.8510859488290863	rus
FEMALE	сережа	81	2.849535677586124	rus
FEMALE	федулыч	49	2.8429743094804087	rus
FEMALE	слыхала	56	2.8073002961769324	rus
FEMALE	батюшки	133	2.8041208955883894	rus
FEMALE	милая	168	2.767537246774514	rus
FEMALE	ожидала	45	2.7512262711517668	rus
FEMALE	разве	623	2.7368630770415883	rus
FEMALE	велела	60	2.7363291675412644	rus
FEMALE	сделала	87	2.7306908502127216	rus
FEMALE	папенька	99	2.7275405733509657	rus
FEMALE	очень	1254	2.7146397492174446	rus
FEMALE	павлик	39	2.696796999684226	rus
FEMALE	желала	55	2.686459572682661	rus
FEMALE	привыкла	47	2.6718562807507533	rus
FEMALE	боюсь	255	2.6592085138893142	rus
FEMALE	устала	49	2.6493082720912042	rus
FEMALE	ты	8210	2.6392635531838615	rus
FEMALE	ждала	46	2.6348346388170394	rus
FEMALE	любить	247	2.624961130239097	rus
FEMALE	флор	43	2.6242476042486915	rus
FEMALE	скучно	149	2.6133929931824698	rus
FEMALE	жених	145	2.5913756554826715	rus
FEMALE	мужчины	70	2.5661022902307176	rus
FEMALE	решилась	37	2.560125095984087	rus
FEMALE	подите	93	2.5547546555449347	rus
FEMALE	люблю	546	2.5292077966941298	rus
FEMALE	ним	667	2.527215590622036	rus
FEMALE	дедушка	86	2.505056184088493	rus
FEMALE	несчастная	78	2.48279999270737	rus
FEMALE	заметила	31	2.4440944853041042	rus
FEMALE	душечка	37	2.3871700046968622	rus
FEMALE	поняла	49	2.3808823151262435	rus
FEMALE	папаша	72	2.3783310743718067	rus
FEMALE	платье	114	2.3765857593683473	rus
FEMALE	нашла	69	2.3713964317408025	rus
FEMALE	миленький	44	2.3650293172034496	rus
FEMALE	не	18700	2.3615827534426606	rus
FEMALE	ох	270	2.359470974752563	rus
FEMALE	батька	30	2.334072750797924	rus
FEMALE	потеряла	34	2.3183888600247107	rus
FEMALE	яков	68	2.3060817835050047	rus
FEMALE	что	12963	2.3060051845471903	rus
FEMALE	мишель	32	2.2923902927977764	rus
FEMALE	страшно	157	2.2848652958151905	rus
FEMALE	увы	138	2.27642567815658	rus
FEMALE	чтойто	30	2.2679642547433554	rus
FEMALE	маркыч	46	2.263954814836251	rus
FEMALE	эней	56	2.251204088418536	rus
FEMALE	вспомнила	28	2.245689022165368	rus
FEMALE	полюбила	42	2.23743474214589	rus
FEMALE	чай	246	2.228340085089472	rus
FEMALE	уйдите	29	2.223223690171289	rus
FEMALE	платон	53	2.212853737195713	rus
FEMALE	ягодка	25	2.1802477832330918	rus
FEMALE	него	780	2.171153875872692	rus
FEMALE	боялась	30	2.141165050529145	rus
FEMALE	обязана	24	2.1331286348515808	rus
FEMALE	плачу	72	2.113778500526027	rus
FEMALE	неправда	76	2.107963969749074	rus
FEMALE	такой	597	2.101084676507202	rus
FEMALE	яшенька	23	2.0849549362033177	rus
FEMALE	любит	245	2.0807194450001347	rus
FEMALE	слез	123	2.079543281519197	rus
FEMALE	боже	433	2.078853460790911	rus
FEMALE	владимир	75	2.0750871943428697	rus
FEMALE	читала	31	2.067877213511501	rus
FEMALE	пришла	133	2.06341239523859	rus
FEMALE	стыдно	211	2.062137967242244	rus
FEMALE	шла	40	2.060974008987525	rus
FEMALE	бедная	80	2.0532288783548416	rus
FEMALE	пошла	107	2.0390455780217946	rus
FEMALE	липатыч	22	2.03565316134057	rus
FEMALE	maman	66	2.023776164963125	rus
FEMALE	коля	23	2.0082617230899897	rus
FEMALE	митрофанушка	23	2.0082617230899897	rus
FEMALE	даша	63	2.0076522453189014	rus
FEMALE	граф	190	2.0016941132034414	rus
FEMALE	николаич	86	1.9952406175643855	rus
FEMALE	миша	65	1.9885741891095752	rus
FEMALE	получила	39	1.9721591552651463	rus
FEMALE	тетушка	98	1.971252977803334	rus
FEMALE	варвар	41	1.9706196318684233	rus
FEMALE	увидела	26	1.9495852284490391	rus
FEMALE	молода	50	1.9485101631569626	rus
FEMALE	любите	133	1.941742124739144	rus
FEMALE	мужчина	66	1.936195317574717	rus
FEMALE	возлюбленный	35	1.933972270626391	rus
FEMALE	говорили	129	1.9271414097029267	rus
FEMALE	дурно	104	1.9138038057253368	rus
FEMALE	отдала	50	1.9125136129993348	rus
FEMALE	какой	716	1.901308419078993	rus
FEMALE	поди	316	1.896237278258368	rus
FEMALE	мужем	82	1.893520348328216	rus
FEMALE	мной	598	1.8883345170317067	rus
FEMALE	сеньйор	22	1.8821900973622625	rus
FEMALE	головушка	27	1.8745074988630825	rus
FEMALE	оставьте	124	1.8688619375888036	rus
FEMALE	приехала	52	1.8523845103005656	rus
FEMALE	борисыч	20	1.851771072286508	rus
FEMALE	подумала	20	1.851771072286508	rus
FEMALE	иди	172	1.8498605274239308	rus
FEMALE	нравится	155	1.845225496761219	rus
FEMALE	алексей	98	1.8440962667312537	rus
FEMALE	послала	37	1.8378468969745627	rus
FEMALE	алексеевич	49	1.8367437218738707	rus
FEMALE	весело	97	1.835731726880938	rus
FEMALE	ему	1211	1.829193836549327	rus
FEMALE	кушай	21	1.8286366055103216	rus
FEMALE	мирон	21	1.8286366055103216	rus
FEMALE	самато	21	1.8286366055103216	rus
FEMALE	костенька	18	1.8253477713564636	rus
FEMALE	мамушка	18	1.8253477713564636	rus
FEMALE	ma	45	1.8181343740570914	rus
FEMALE	старалась	22	1.809706524195617	rus
FEMALE	сердце	578	1.7965563241321703	rus
FEMALE	плакала	32	1.792817166204996	rus
FEMALE	совсем	508	1.7852106875510754	rus
FEMALE	поскорей	103	1.7849120131315823	rus
FEMALE	ракитин	24	1.7816084193688377	rus
FEMALE	да	6230	1.7727877170518753	rus
FEMALE	одна	309	1.772507205622219	rus
FEMALE	львович	25	1.7713929698474102	rus
FEMALE	жить	455	1.7680648875743252	rus
FEMALE	жестокий	41	1.7628359079483342	rus
FEMALE	петя	41	1.7628359079483342	rus
FEMALE	грех	173	1.7598726390563422	rus
FEMALE	девках	27	1.7567627763761586	rus
FEMALE	тобой	578	1.7504112316386276	rus
FEMALE	няня	35	1.7454317850321217	rus
FEMALE	измучилась	18	1.7399925205474398	rus
FEMALE	пированье	22	1.7397989292463967	rus
FEMALE	кабы	145	1.73139023381418	rus
FEMALE	встаньте	23	1.7276599264859358	rus
FEMALE	кит	19	1.7169369325496324	rus
FEMALE	горский	25	1.7103872651872094	rus
FEMALE	успела	25	1.7103872651872094	rus
FEMALE	самовар	38	1.7103108108545444	rus
FEMALE	мужчин	33	1.696160927633477	rus
FEMALE	довольна	29	1.6952418019620297	rus
FEMALE	monsieur	49	1.6647289085405765	rus
FEMALE	мужу	66	1.659658472463923	rus
FEMALE	пойду	294	1.6592073980164874	rus
FEMALE	павлушка	18	1.6585236032106176	rus
FEMALE	барышни	35	1.6563282805739443	rus
FEMALE	влюблены	35	1.6563282805739443	rus
FEMALE	костя	25	1.6511185132761574	rus
FEMALE	выйти	76	1.6506233724788368	rus
FEMALE	дыхнуть	15	1.6504203940427322	rus
FEMALE	женечка	15	1.6504203940427322	rus
FEMALE	мечтала	15	1.6504203940427322	rus
MALE	в	23687	4.638528398098155	rus
MALE	брат	988	4.177212134319588	rus
MALE	сам	1937	4.015235974756182	rus
MALE	черт	563	3.8381209025666543	rus
MALE	ваше	1268	3.770683155156631	rus
MALE	позвольте	832	3.5952521225188367	rus
MALE	был	2308	3.4315830177155964	rus
MALE	рад	518	3.3640963875411463	rus
MALE	государь	742	3.304009239842042	rus
MALE	ее	2708	3.031995502861014	rus
MALE	должен	916	3.0152097227467887	rus
MALE	превосходительство	369	2.9558745600222776	rus
MALE	хотел	595	2.893118193967058	rus
MALE	думал	334	2.884964052046825	rus
MALE	помилуйте	466	2.8823905643873817	rus
MALE	царь	543	2.8590467661151218	rus
MALE	на	13351	2.8182034316383597	rus
MALE	и	37336	2.78527630687321	rus
MALE	по	4120	2.784849331608055	rus
MALE	слышал	305	2.7501826837265644	rus
MALE	честь	655	2.69559865887316	rus
MALE	великий	319	2.689885372974911	rus
MALE	мог	606	2.6630658813780093	rus
MALE	готов	374	2.6214339542011174	rus
MALE	их	2394	2.546695774246003	rus
MALE	виноват	428	2.5337232106901935	rus
MALE	под	952	2.51129465350776	rus
MALE	знал	368	2.448420421357691	rus
MALE	гм	175	2.423019575717845	rus
MALE	видел	412	2.3914673852345922	rus
MALE	тысяч	412	2.370781731730322	rus
MALE	народ	475	2.3519636666869	rus
MALE	господин	613	2.240298263069845	rus
MALE	жена	551	2.215297784307623	rus
MALE	дело	2070	2.1962024318828175	rus
MALE	друзья	225	2.175113020296713	rus
MALE	эй	248	2.1297703873075853	rus
MALE	но	6042	2.0937090670592546	rus
MALE	эх	390	2.0588181816186455	rus
MALE	согласен	184	2.0526952845207633	rus
MALE	тае	130	2.0459850541215716	rus
MALE	видал	200	2.029942087059328	rus
MALE	есть	2621	2.0204812902497107	rus
MALE	господа	724	2.0123530597725114	rus
MALE	ваш	728	1.9905248344115296	rus
MALE	один	1013	1.9785059581556828	rus
MALE	бояре	126	1.9676254647359386	rus
MALE	марья	132	1.943102803415269	rus
MALE	около	230	1.9284191402853104	rus
MALE	теперича	133	1.9128334376567855	rus
MALE	желал	138	1.8827076792209787	rus
MALE	весьма	196	1.871376271184444	rus
MALE	николаевна	190	1.8488999812420943	rus
MALE	тот	796	1.8479038686544635	rus
MALE	сударыня	833	1.8387151043424386	rus
MALE	такс	108	1.834427243375294	rus
MALE	товарищи	170	1.8277944986200694	rus
MALE	стал	523	1.821037592873346	rus
MALE	суд	226	1.810144970490703	rus
MALE	взял	343	1.8090516369123648	rus
MALE	ура	122	1.804705776613967	rus
MALE	изволите	233	1.7868541819689225	rus
MALE	потому	770	1.751041855869895	rus
MALE	имею	430	1.7360313482577574	rus
MALE	например	249	1.7347890169508564	rus
MALE	павловна	126	1.7240681083885019	rus
MALE	счастлив	242	1.7016651446029833	rus
MALE	братец	549	1.6799920982478163	rus
MALE	отечества	110	1.6796106194193878	rus
MALE	величество	151	1.6788280380767056	rus
MALE	царя	233	1.6775631627222443	rus
MALE	э	161	1.6741884256924096	rus
MALE	ожидал	83	1.6632850245870687	rus
MALE	три	541	1.663137950623338	rus
MALE	имел	169	1.6523895960822135	rus
MALE	оно	684	1.6303985071876148	rus
MALE	во	1909	1.6206468338727675	rus
MALE	чорт	88	1.619240115983909	rus
MALE	извольте	415	1.6124265011313592	rus
MALE	дела	624	1.6106636060022592	rus
MALE	изволили	147	1.6028161891079922	rus
MALE	братцы	82	1.600314265267196	rus
MALE	женюсь	82	1.600314265267196	rus
MALE	самому	157	1.6002985875986344	rus
MALE	мира	110	1.5939773311073093	rus
MALE	значит	934	1.5848948507508878	rus
MALE	антоновна	97	1.579733192045911	rus
MALE	елена	148	1.5777320927275824	rus
MALE	тут	1904	1.577585948125981	rus
MALE	понял	154	1.569809098933956	rus
MALE	того	1586	1.5644605597568886	rus
MALE	пошел	302	1.5590902337461177	rus
MALE	хм	73	1.5466159515571722	rus
MALE	ежели	455	1.534582704099259	rus
MALE	нетс	153	1.5251761480174582	rus
MALE	хозяин	182	1.5247663533149434	rus
MALE	обязан	111	1.5209463012837385	rus
MALE	царю	135	1.5125734906916668	rus
MALE	из	2855	1.512324263107039	rus
MALE	намерен	95	1.510488285437256	rus
MALE	забыл	196	1.5093990781358047	rus
MALE	именно	235	1.507476843484895	rus
MALE	ейбогу	272	1.500191381191051	rus
MALE	благодарен	86	1.497525023740075	rus
MALE	устал	89	1.4855613073116207	rus
MALE	штука	85	1.48536267389437	rus
MALE	эта	481	1.4785816729653871	rus
MALE	ждал	88	1.4734178914774618	rus
MALE	имя	231	1.4714128404129656	rus
MALE	васильевна	151	1.4699651990761462	rus
MALE	дас	210	1.4692707156902287	rus
MALE	слыхал	91	1.4625387746126641	rus
MALE	уверен	113	1.4611961454083642	rus
MALE	вашему	203	1.45987089694819	rus
MALE	слуга	135	1.4390816356726395	rus
MALE	ейей	89	1.4380526980590695	rus
MALE	графиня	128	1.435553439037792	rus
MALE	отечеству	96	1.4314550036265568	rus
MALE	шуйский	72	1.425186854571042	rus
MALE	пять	356	1.4178032390288213	rus
MALE	двести	123	1.41716147943591	rus
MALE	вещь	133	1.4169351536184054	rus
MALE	русский	87	1.4132073175383555	rus
MALE	нашел	189	1.411696766818544	rus
MALE	руси	83	1.411340612288172	rus
MALE	служить	176	1.4030273167969325	rus
MALE	боярин	138	1.3997887309140429	rus
MALE	человек	1900	1.396074460278751	rus
MALE	слушаюс	121	1.3942257921515455	rus
MALE	браво	147	1.392808686293576	rus
MALE	здоровье	228	1.3906662025797933	rus
MALE	сказал	582	1.3861054865143543	rus
MALE	время	809	1.3824790919253862	rus
MALE	или	1687	1.376602563655669	rus
MALE	наконец	427	1.3755099742485002	rus
MALE	княжна	188	1.3720227023506009	rus
MALE	убью	83	1.3623778055944373	rus
MALE	две	303	1.3621599731379426	rus
MALE	принял	94	1.3617292550034805	rus
MALE	петровна	294	1.355375956702307	rus
MALE	ничегос	62	1.3484618523725758	rus
MALE	играл	66	1.3457335753405726	rus
MALE	русь	57	1.3394913983927734	rus
MALE	государя	69	1.3312151325001507	rus
MALE	товарищ	183	1.3216697026399908	rus
MALE	сиятельство	171	1.3204478162510445	rus
MALE	вот	7207	1.3191507399130777	rus
MALE	собственно	68	1.3175591175552834	rus
MALE	постой	377	1.3148089844156652	rus
MALE	брать	164	1.3099247721013136	rus
MALE	вашу	283	1.3083355494280164	rus
MALE	побери	50	1.30457881567008	rus
MALE	фрак	50	1.30457881567008	rus
MALE	получил	110	1.3034946199355153	rus
MALE	доволен	123	1.3025519685893263	rus
MALE	место	314	1.297151202801724	rus
MALE	земли	192	1.2944704121940753	rus
MALE	начальство	49	1.2901182319724829	rus
MALE	десять	231	1.2867294317752698	rus
MALE	решился	77	1.2830298828838143	rus
MALE	делу	127	1.2746732953088071	rus
MALE	слово	561	1.2692299024772649	rus
MALE	пан	52	1.2680650409517116	rus
MALE	наших	240	1.2670978973149578	rus
MALE	челом	56	1.2636964117863612	rus
MALE	отдал	110	1.263114733474489	rus
MALE	слышь	100	1.2621718327895397	rus
MALE	кончил	60	1.2617165472409715	rus
MALE	покорный	47	1.2607057516110662	rus
MALE	дел	138	1.2578741440101255	rus
MALE	однако	841	1.256317167986228	rus
MALE	прав	191	1.2553446605233445	rus
MALE	водки	82	1.2523601198149974	rus
MALE	сорок	128	1.2495853152439884	rus
MALE	нею	190	1.2452011053324095	rus
MALE	мы	4283	1.239064956475831	rus
MALE	привык	81	1.2388032608272996	rus
MALE	граждане	50	1.2383849035881238	rus
MALE	черту	91	1.2331555474111655	rus
MALE	впрочем	448	1.232910327931577	rus
MALE	смел	104	1.228930581692723	rus
MALE	сделал	324	1.2273079657719261	rus
MALE	ба	132	1.2239794962876995	rus
MALE	ибо	69	1.2235254006725833	rus
MALE	жил	144	1.2224509979405236	rus
MALE	сто	254	1.22009351544004	rus
MALE	сказано	116	1.2185160803413488	rus
MALE	бояр	57	1.2177451639984531	rus
MALE	вашим	207	1.217315730061384	rus
MALE	капитан	68	1.2091883531271337	rus
MALE	сапоги	48	1.2080057639887132	rus
MALE	позабыл	75	1.2050704620324117	rus
MALE	мужество	43	1.1997496007389812	rus
MALE	александровна	85	1.198449525593456	rus
MALE	вор	95	1.1974971467486362	rus
MALE	попал	88	1.1931097397334203	rus
MALE	говорил	412	1.1918174493266283	rus
MALE	игра	63	1.1909696703184673	rus
MALE	эдак	132	1.1882103138938662	rus
MALE	вино	104	1.187680316875208	rus
FEMALE	husband	137	4.237143135390384	shake
FEMALE	you	2606	3.297734712683259	shake
FEMALE	alas	96	3.0545398111486244	shake
FEMALE	love	438	2.630341249952835	shake
FEMALE	husbands	33	2.3910452126232373	shake
FEMALE	me	1364	2.2886739765313697	shake
FEMALE	romeo	59	2.285867285769904	shake
FEMALE	lysander	27	2.2348172502147556	shake
FEMALE	willow	20	2.1370051934674104	shake
FEMALE	pisanio	19	2.0691963195013123	shake
FEMALE	sister	62	1.9788898647783004	shake
FEMALE	nerissa	15	1.9302527801747225	shake
FEMALE	yours	68	1.8440060369625655	shake
FEMALE	o	488	1.8392408306287662	shake
FEMALE	pray	183	1.800174137011385	shake
FEMALE	mother	74	1.785719294117315	shake
FEMALE	nurse	35	1.7728228690840444	shake
FEMALE	i	3406	1.7470565915776668	shake
FEMALE	woman	90	1.7141531581111267	shake
FEMALE	malvolio	19	1.7057371267267267	shake
FEMALE	prithee	60	1.703507512720029	shake
FEMALE	my	1944	1.6519643132020914	shake
FEMALE	orlando	17	1.6104522322392936	shake
FEMALE	boyet	10	1.609925478539601	shake
FEMALE	do	658	1.5086526570229986	shake
FEMALE	false	67	1.488582379011321	shake
FEMALE	ring	53	1.4800753734632133	shake
FEMALE	emilia	13	1.467110366939801	shake
FEMALE	refuse	14	1.4250181865657918	shake
FEMALE	troilus	14	1.4250181865657918	shake
FEMALE	pilgrim	8	1.4171281595135483	shake
FEMALE	windsor	13	1.400636673564175	shake
FEMALE	would	429	1.3993302701780372	shake
FEMALE	rosalind	27	1.3979596681536277	shake
FEMALE	such	256	1.3885740490636593	shake
FEMALE	weep	38	1.3727176000321641	shake
FEMALE	faith	98	1.3622033908377822	shake
FEMALE	suit	42	1.350872968079469	shake
FEMALE	am	405	1.3357933421354136	shake
FEMALE	diana	10	1.3356539017867952	shake
FEMALE	never	192	1.331751343891583	shake
FEMALE	troth	34	1.328771366285203	shake
FEMALE	heart	167	1.3168033434798965	shake
FEMALE	ganymede	7	1.310628748050316	shake
FEMALE	ursula	7	1.310628748050316	shake
FEMALE	les	8	1.3099769202002374	shake
FEMALE	proteus	25	1.302713529060079	shake
FEMALE	praise	40	1.2943256768825886	shake
FEMALE	ashamed	13	1.2772935899387845	shake
FEMALE	green	27	1.2746462100681357	shake
FEMALE	glass	16	1.2702211645768366	shake
FEMALE	cousins	10	1.2571973025737055	shake
FEMALE	heaven	119	1.25257899114736	shake
FEMALE	your	1120	1.2310571256792562	shake
FEMALE	pity	52	1.2200638873351253	shake
FEMALE	trow	8	1.2129726398569172	shake
FEMALE	tybalts	8	1.2129726398569172	shake
FEMALE	oaths	22	1.2014709326356596	shake
FEMALE	cousin	43	1.19412737673476	shake
FEMALE	sick	35	1.1904311723438705	shake
FEMALE	servant	31	1.1850622470152314	shake
FEMALE	warrant	51	1.1763165428032376	shake
FEMALE	modesty	17	1.1716247026014566	shake
FEMALE	not	1345	1.1650586232854838	shake
FEMALE	named	9	1.1534748211844543	shake
FEMALE	sex	9	1.1534748211844543	shake
FEMALE	choose	29	1.1193523438560231	shake
FEMALE	felt	13	1.1123201222325727	shake
FEMALE	alack	23	1.1073334190176252	shake
FEMALE	poor	122	1.097857657941096	shake
FEMALE	count	32	1.0953351739311463	shake
FEMALE	bed	59	1.0808052471797067	shake
FEMALE	women	39	1.0765334061391547	shake
FEMALE	dear	89	1.0764763362180705	shake
FEMALE	leonine	5	1.0684552986999802	shake
FEMALE	fairies	15	1.051465951485641	shake
FEMALE	wed	15	1.051465951485641	shake
FEMALE	anger	17	1.050852663960768	shake
FEMALE	babes	8	1.0431492144203647	shake
FEMALE	ill	336	1.0169540642180328	shake
FEMALE	eglamour	7	1.0076143562441107	shake
FEMALE	handsome	7	1.0076143562441107	shake
FEMALE	vilely	7	1.0076143562441107	shake
FEMALE	leads	10	0.9891994472733836	shake
FEMALE	gods	78	0.9886542846471189	shake
FEMALE	mercy	36	0.9834036869182728	shake
FEMALE	swear	55	0.9772366830255909	shake
FEMALE	liking	11	0.9767262181367815	shake
FEMALE	blot	6	0.9738071819754761	shake
FEMALE	curtain	6	0.9738071819754761	shake
FEMALE	belike	12	0.9697230444392303	shake
FEMALE	dress	8	0.9679916266999024	shake
FEMALE	mocking	8	0.9679916266999024	shake
FEMALE	unhappy	15	0.9678937803736477	shake
FEMALE	beshrew	13	0.9665629602423937	shake
FEMALE	coz	13	0.9665629602423937	shake
FEMALE	woo	23	0.9592748376561893	shake
FEMALE	letter	56	0.9587849589587429	shake
FEMALE	little	94	0.9521060867331111	shake
FEMALE	clerk	9	0.9447224126401516	shake
FEMALE	hermias	5	0.9444342426933613	shake
FEMALE	oui	5	0.9444342426933613	shake
FEMALE	swoon	5	0.9444342426933613	shake
FEMALE	prayers	24	0.9417509305953758	shake
FEMALE	vows	17	0.9395005198843369	shake
FEMALE	paris	16	0.9332666466782215	shake
FEMALE	petticoat	4	0.9262822846667331	shake
FEMALE	vineyard	4	0.9262822846667331	shake
FEMALE	votre	4	0.9262822846667331	shake
FEMALE	wrangle	4	0.9262822846667331	shake
FEMALE	pleases	7	0.9250174488340509	shake
FEMALE	woeful	11	0.924143704411444	shake
FEMALE	weigh	12	0.9213182978444645	shake
FEMALE	lady	130	0.9131029750177091	shake
FEMALE	flowers	17	0.9042308263753547	shake
FEMALE	than	301	0.903076979648537	shake
FEMALE	bolt	8	0.898151841720045	shake
FEMALE	promises	8	0.898151841720045	shake
FEMALE	then	333	0.8954260673089789	shake
FEMALE	madam	108	0.8926365330844214	shake
FEMALE	shape	22	0.892231629922996	shake
FEMALE	youre	22	0.892231629922996	shake
FEMALE	whither	24	0.8883472703431177	shake
FEMALE	fie	39	0.8842241355404281	shake
FEMALE	basket	9	0.8834742851436558	shake
FEMALE	fenton	9	0.8834742851436558	shake
FEMALE	token	9	0.8834742851436558	shake
FEMALE	attended	6	0.8811374254291794	shake
FEMALE	gone	87	0.8795600456864675	shake
FEMALE	burden	13	0.8780557630544641	shake
FEMALE	maiden	13	0.8780557630544641	shake
FEMALE	lorenzo	11	0.8738619866596957	shake
FEMALE	so	790	0.8657267981426716	shake
FEMALE	yet	261	0.8654795223331263	shake
FEMALE	jealous	16	0.860431043532659	shake
FEMALE	maids	16	0.860431043532659	shake
FEMALE	showed	16	0.860431043532659	shake
FEMALE	youll	38	0.8528131879125187	shake
FEMALE	weeping	15	0.851551412962505	shake
FEMALE	think	191	0.8502661434633368	shake
FEMALE	questions	7	0.8491944176223816	shake
FEMALE	kneel	14	0.8433440507716083	shake
FEMALE	he	1037	0.8431103713646784	shake
FEMALE	quickly	26	0.8383536757906426	shake
FEMALE	dissembling	5	0.837116410657104	shake
FEMALE	elves	5	0.837116410657104	shake
FEMALE	lawrence	5	0.837116410657104	shake
FEMALE	snare	5	0.837116410657104	shake
FEMALE	throwing	5	0.837116410657104	shake
FEMALE	knee	8	0.8329438573270238	shake
FEMALE	shield	8	0.8329438573270238	shake
FEMALE	suitor	8	0.8329438573270238	shake
FEMALE	chide	12	0.8299999002123205	shake
FEMALE	posthumus	12	0.8299999002123205	shake
FEMALE	child	46	0.821021450328828	shake
FEMALE	though	110	0.8101140596801667	shake
FEMALE	sure	63	0.8071055167904531	shake
FEMALE	back	54	0.8037233511326256	shake
FEMALE	until	17	0.8033530028888065	shake
FEMALE	twenty	30	0.8031202800523953	shake
FEMALE	arrested	6	0.7975040820174003	shake
FEMALE	chid	6	0.7975040820174003	shake
FEMALE	toad	6	0.7975040820174003	shake
FEMALE	wayward	6	0.7975040820174003	shake
FEMALE	aliena	4	0.7951046575317974	shake
FEMALE	aweary	4	0.7951046575317974	shake
FEMALE	bower	4	0.7951046575317974	shake
FEMALE	brentford	4	0.7951046575317974	shake
FEMALE	d	4	0.7951046575317974	shake
FEMALE	diomed	4	0.7951046575317974	shake
FEMALE	heresy	4	0.7951046575317974	shake
FEMALE	important	4	0.7951046575317974	shake
FEMALE	incorporate	4	0.7951046575317974	shake
FEMALE	mannerly	4	0.7951046575317974	shake
FEMALE	mortals	4	0.7951046575317974	shake
FEMALE	nymphs	4	0.7951046575317974	shake
FEMALE	obscured	4	0.7951046575317974	shake
FEMALE	rosemary	4	0.7951046575317974	shake
FEMALE	scant	4	0.7951046575317974	shake
FEMALE	swaggering	4	0.7951046575317974	shake
FEMALE	vassal	4	0.7951046575317974	shake
FEMALE	frown	12	0.7868204353710826	shake
FEMALE	yes	48	0.7848145949631117	shake
FEMALE	what	691	0.7842190974079698	shake
FEMALE	berowne	11	0.7794547186076355	shake
FEMALE	chin	7	0.7791441855615666	shake
FEMALE	human	7	0.7791441855615666	shake
FEMALE	oak	10	0.7738476913498841	shake
FEMALE	comfort	40	0.7730464334004942	shake
FEMALE	pour	8	0.771800782035683	shake
FEMALE	benedick	19	0.7683904992061958	shake
FEMALE	color	19	0.7683904992061958	shake
FEMALE	broils	3	0.7619568139420911	shake
FEMALE	catching	3	0.7619568139420911	shake
FEMALE	ceres	3	0.7619568139420911	shake
FEMALE	colder	3	0.7619568139420911	shake
FEMALE	comforted	3	0.7619568139420911	shake
FEMALE	comparison	3	0.7619568139420911	shake
FEMALE	datchet	3	0.7619568139420911	shake
FEMALE	dispositions	3	0.7619568139420911	shake
FEMALE	doubly	3	0.7619568139420911	shake
FEMALE	drug	3	0.7619568139420911	shake
FEMALE	erewhile	3	0.7619568139420911	shake
FEMALE	fails	3	0.7619568139420911	shake
FEMALE	fang	3	0.7619568139420911	shake
FEMALE	fickle	3	0.7619568139420911	shake
FEMALE	frosts	3	0.7619568139420911	shake
FEMALE	goodyear	3	0.7619568139420911	shake
FEMALE	graciously	3	0.7619568139420911	shake
FEMALE	imitate	3	0.7619568139420911	shake
FEMALE	jarring	3	0.7619568139420911	shake
FEMALE	lacking	3	0.7619568139420911	shake
FEMALE	lineaments	3	0.7619568139420911	shake
FEMALE	melody	3	0.7619568139420911	shake
FEMALE	murdrous	3	0.7619568139420911	shake
FEMALE	penned	3	0.7619568139420911	shake
FEMALE	poetical	3	0.7619568139420911	shake
FEMALE	raiment	3	0.7619568139420911	shake
FEMALE	rheumatic	3	0.7619568139420911	shake
FEMALE	teen	3	0.7619568139420911	shake
FEMALE	tributary	3	0.7619568139420911	shake
FEMALE	wounding	3	0.7619568139420911	shake
MALE	the	13337	3.1875799236263833	shake
MALE	of	7981	1.8584945582786176	shake
MALE	this	3628	1.7695126858420718	shake
MALE	sir	1820	1.6787989579429652	shake
MALE	and	12243	1.6781261229770499	shake
MALE	we	1679	1.6412173206436655	shake
MALE	king	587	1.5460747150854919	shake
MALE	our	1388	1.4120784232365924	shake
MALE	their	963	1.3087624988475433	shake
MALE	duke	269	1.2499357525368218	shake
MALE	three	222	1.1076370321582685	shake
MALE	her	2409	1.0667445787574696	shake
MALE	to	9541	0.9944789747292946	shake
MALE	whom	248	0.9906239931372002	shake
MALE	lordship	87	0.9676718248383094	shake
MALE	in	5522	0.9538840362040982	shake
MALE	stand	303	0.9478749008134215	shake
MALE	noble	303	0.9221657974199939	shake
MALE	ha	127	0.9089443534601336	shake
MALE	dog	90	0.8897594915886531	shake
MALE	certain	107	0.8846259964342138	shake
MALE	kate	63	0.8785224593892205	shake
MALE	master	588	0.8708479902184882	shake
MALE	sword	143	0.8679349277012073	shake
MALE	follow	185	0.8426919036379706	shake
MALE	soldiers	52	0.8426379665362244	shake
MALE	his	3238	0.8371315942769396	shake
MALE	caesar	95	0.8330720431352167	shake
MALE	us	799	0.830402826266223	shake
MALE	law	127	0.8265007421080928	shake
MALE	friends	220	0.8195945423835623	shake
MALE	york	63	0.8170905761801741	shake
MALE	money	131	0.8169025082182564	shake
MALE	pompey	55	0.8040634676748566	shake
MALE	england	74	0.8030757196580024	shake
MALE	present	149	0.798484850861135	shake
MALE	warwick	46	0.7841007194073369	shake
MALE	great	462	0.7832591697482509	shake
MALE	heads	59	0.7787189102916979	shake
MALE	ready	83	0.7781163334721442	shake
MALE	business	145	0.7683995311456885	shake
MALE	pyramus	44	0.7636214300430775	shake
MALE	thee	1563	0.7488151889566662	shake
MALE	signior	117	0.7463787811871425	shake
MALE	fellow	185	0.7432754578070706	shake
MALE	em	116	0.7380879971927512	shake
MALE	fled	48	0.7332201974847847	shake
MALE	antony	41	0.731865259313436	shake
MALE	ship	41	0.731865259313436	shake
MALE	rome	135	0.7292768287270317	shake
MALE	hand	419	0.718571889501374	shake
MALE	bianca	39	0.7099351499027454	shake
MALE	these	702	0.7088470693207475	shake
MALE	them	939	0.7082825535859801	shake
MALE	purse	64	0.7067042238175381	shake
MALE	piece	58	0.7058745311571804	shake
MALE	camillo	38	0.6987223614317426	shake
MALE	lavinia	38	0.6987223614317426	shake
MALE	villain	159	0.6913317995786417	shake
MALE	here	1224	0.6843493574021547	shake
MALE	fell	73	0.6834440029399299	shake
MALE	being	361	0.6817424349023872	shake
MALE	arms	109	0.6784891527391249	shake
MALE	lives	109	0.6784891527391249	shake
MALE	lucentio	36	0.6757630763670405	shake
MALE	pistol	36	0.6757630763670405	shake
MALE	begin	66	0.6687651542754839	shake
MALE	against	294	0.6661876526477243	shake
MALE	knaves	35	0.6639994873309171	shake
MALE	shallow	71	0.6634008475600949	shake
MALE	brook	54	0.6632409989014684	shake
MALE	service	131	0.6578288083020326	shake
MALE	heres	145	0.6559606029765125	shake
MALE	general	96	0.6521013876490022	shake
MALE	thus	397	0.6492537351430916	shake
MALE	kings	115	0.6449004363737901	shake
MALE	bloody	105	0.6431169542238424	shake
MALE	figure	33	0.6398563747535968	shake
MALE	heartily	33	0.6398563747535968	shake
MALE	monster	63	0.6373123725375582	shake
MALE	majesty	109	0.6349998709900345	shake
MALE	greatness	39	0.6317822940696544	shake
MALE	conscience	73	0.6290945327984591	shake
MALE	petruchio	32	0.6274551589733819	shake
MALE	seest	32	0.6274551589733819	shake
MALE	ass	62	0.6265876097655224	shake
MALE	boy	200	0.6242513193927336	shake
MALE	alive	56	0.6217026097093747	shake
MALE	quarrel	56	0.6217026097093747	shake
MALE	broken	38	0.6196116557172058	shake
MALE	mere	38	0.6196116557172058	shake
MALE	princes	72	0.6188063265655702	shake
MALE	has	247	0.6163207827551515	shake
MALE	thrive	31	0.6148180976804113	shake
MALE	after	216	0.6128627510961613	shake
MALE	may	892	0.611692734845935	shake
MALE	shall	1759	0.6108362144381965	shake
MALE	himself	246	0.6098813308978682	shake
MALE	fast	71	0.6084113709911332	shake
MALE	very	511	0.6028990329863705	shake
MALE	tailor	30	0.6019317442597123	shake
MALE	land	70	0.5979067826050832	shake
MALE	toward	59	0.5936388625352301	shake
MALE	bardolph	42	0.593053214209613	shake
MALE	malice	42	0.593053214209613	shake
MALE	niece	42	0.593053214209613	shake
MALE	bite	29	0.5887813625590234	shake
MALE	lucius	53	0.5875901199713922	shake
MALE	richard	47	0.5830080082921469	shake
MALE	there	1001	0.5817982065410134	shake
MALE	earl	35	0.581789356050318	shake
MALE	already	88	0.5758454838515924	shake
MALE	hortensio	28	0.5753507509235685	shake
MALE	letters	78	0.5748592151933718	shake
MALE	shore	34	0.5687070216914232	shake
MALE	steel	34	0.5687070216914232	shake
MALE	villains	34	0.5687070216914232	shake
MALE	through	134	0.5662825495993485	shake
MALE	by	1939	0.5641173514017898	shake
MALE	fellows	51	0.5640654178452827	shake
MALE	french	51	0.5640654178452827	shake
MALE	roderigo	27	0.5616220346935195	shake
MALE	throat	27	0.5616220346935195	shake
MALE	nose	45	0.5585426723668175	shake
MALE	wall	45	0.5585426723668175	shake
MALE	army	33	0.5553657175730442	shake
MALE	few	39	0.555192876474213	shake
MALE	drink	81	0.5547468826295411	shake
MALE	th	639	0.5485965587633533	shake
MALE	buckingham	26	0.5475754200785319	shake
MALE	hastings	26	0.5475754200785319	shake
MALE	thomas	26	0.5475754200785319	shake
MALE	treasure	26	0.5475754200785319	shake
MALE	mark	118	0.5466453894407887	shake
MALE	done	353	0.5463376129726752	shake
MALE	ducats	44	0.5460173988296373	shake
MALE	motion	44	0.5460173988296373	shake
MALE	feast	60	0.5450590273003163	shake
MALE	consider	32	0.541750802031044	shake
MALE	tranio	32	0.541750802031044	shake
MALE	made	421	0.5393110657060592	shake
MALE	new	103	0.5363882048930142	shake
MALE	iago	54	0.535879962170942	shake
MALE	fight	79	0.5340248193021213	shake
MALE	field	59	0.53352212889899	shake
MALE	princess	43	0.5332857933509405	shake
MALE	rough	43	0.5332857933509405	shake
MALE	books	25	0.5331889003876724	shake
MALE	elder	25	0.5331889003876724	shake
MALE	isle	25	0.5331889003876724	shake
MALE	daughter	263	0.5282026707769535	shake
MALE	desdemona	31	0.5278462780155503	shake
MALE	een	31	0.5278462780155503	shake
MALE	art	447	0.5278200482337293	shake
MALE	sylvia	48	0.5274836953581116	shake
MALE	some	748	0.5274600921163837	shake
MALE	let	1066	0.5261502072446992	shake
MALE	common	73	0.5220493722756653	shake
MALE	nature	177	0.5204443048982568	shake
MALE	achilles	24	0.5184379030266462	shake
MALE	cock	24	0.5184379030266462	shake
MALE	firm	24	0.5184379030266462	shake
MALE	follows	36	0.5152397808441297	shake
MALE	served	36	0.5152397808441297	shake
MALE	horse	82	0.515087736971442	shake
MALE	bawd	30	0.5136346176328653	shake
MALE	shortly	30	0.5136346176328653	shake
MALE	close	57	0.5100000024605393	shake
MALE	silence	57	0.5100000024605393	shake
MALE	damned	41	0.507166238735082	shake
MALE	sometime	41	0.507166238735082	shake
MALE	timon	41	0.507166238735082	shake
MALE	peace	243	0.5068533222897006	shake
MALE	gentlemen	118	0.505812212748436	shake
MALE	worthy	118	0.505812212748436	shake
MALE	dost	209	0.5043042401060338	shake
MALE	ransom	23	0.503294862237568	shake
MALE	abroad	35	0.5014005736784932	shake
MALE	head	238	0.5013748854541508	shake
MALE	ladies	71	0.5001478145630928	shake
MALE	valentine	51	0.49929314871344627	shake
MALE	beaten	29	0.4990965572238283	shake
MALE	cap	29	0.4990965572238283	shake
MALE	harry	29	0.4990965572238283	shake
MALE	margaret	29	0.4990965572238283	shake
MALE	thisbe	29	0.4990965572238283	shake
MALE	tower	29	0.4990965572238283	shake
MALE	william	29	0.4990965572238283	shake
MALE	blood	246	0.4990895459854982	shake
MALE	a	7396	0.49905698443231683	shake
MALE	discourse	40	0.49375793002237683	shake
MALE	cut	98	0.4882524318494271	shake
MALE	bounty	22	0.48772869790145146	shake
MALE	edge	22	0.48772869790145146	shake
MALE	gremio	22	0.48772869790145146	shake
MALE	kent	22	0.48772869790145146	shake
MALE	knit	22	0.48772869790145146	shake
MALE	maintain	22	0.48772869790145146	shake
MALE	odds	22	0.48772869790145146	shake
MALE	deeds	50	0.48673971016916984	shake
MALE	roman	50	0.48673971016916984	shake
